Channel,Promo,Pass,Age,Spend
Mail,Bundle,YesPass,67,35.93
Mail,Bundle,YesPass,28,41.96
Mail,Bundle,YesPass,19,61.36
Mail,Bundle,YesPass,55,55.77
Mail,Bundle,YesPass,39,72.75
Mail,Bundle,YesPass,45,39.97
Mail,Bundle,YesPass,22,52.07
Mail,Bundle,YesPass,39,36.76
Mail,Bundle,YesPass,55,75.14
Mail,Bundle,YesPass,38,72.91
Mail,Bundle,YesPass,66,63.27
Mail,Bundle,YesPass,63,72.02
Mail,Bundle,YesPass,58,79.28
Mail,Bundle,YesPass,70,80.69
Mail,Bundle,YesPass,59,85.08
Mail,Bundle,YesPass,28,41.87
Mail,Bundle,YesPass,67,40.46
Mail,Bundle,YesPass,55,77.83
Mail,Bundle,YesPass,23,47.23
Mail,Bundle,YesPass,35,23.2
Mail,Bundle,YesPass,27,46.72
Mail,Bundle,YesPass,74,73.18
Mail,Bundle,YesPass,60,46.56
Mail,Bundle,YesPass,71,68.61
Mail,Bundle,YesPass,34,60.4
Mail,Bundle,YesPass,54,30.81
Mail,Bundle,YesPass,53,63.04
Mail,Bundle,YesPass,61,55.13
Mail,Bundle,YesPass,24,45.11
Mail,Bundle,YesPass,47,29.28
Mail,Bundle,YesPass,55,83.68
Mail,Bundle,YesPass,65,38.58
Mail,Bundle,YesPass,56,18.36
Mail,Bundle,YesPass,44,69.93
Mail,Bundle,YesPass,44,46.94
Mail,Bundle,YesPass,37,76.24
Mail,Bundle,YesPass,27,53.07
Mail,Bundle,YesPass,34,54.68
Mail,Bundle,YesPass,26,65.48
Mail,Bundle,YesPass,31,57.04
Mail,Bundle,YesPass,67,56.97
Mail,Bundle,YesPass,48,74.39
Mail,Bundle,YesPass,23,38.72
Mail,Bundle,YesPass,42,64.94
Mail,Bundle,YesPass,33,60.12
Mail,Bundle,YesPass,56,26.14
Mail,Bundle,YesPass,66,74.89
Mail,Bundle,YesPass,18,68.79
Mail,Bundle,YesPass,45,82.61
Mail,Bundle,YesPass,43,47.15
Mail,Bundle,YesPass,75,35.24
Mail,Bundle,YesPass,39,110.17
Mail,Bundle,YesPass,27,36.71
Mail,Bundle,YesPass,29,40.74
Mail,Bundle,YesPass,45,64.96
Mail,Bundle,YesPass,52,47.21
Mail,Bundle,YesPass,36,62.41
Mail,Bundle,YesPass,43,31.16
Mail,Bundle,YesPass,56,24.46
Mail,Bundle,YesPass,35,45.15
Mail,Bundle,YesPass,73,67.11
Mail,Bundle,YesPass,30,54.41
Mail,Bundle,YesPass,72,76.49
Mail,Bundle,YesPass,68,50.28
Mail,Bundle,YesPass,73,58.38
Mail,Bundle,YesPass,64,38.68
Mail,Bundle,YesPass,48,28.73
Mail,Bundle,YesPass,53,33.18
Mail,Bundle,YesPass,29,40.71
Mail,Bundle,YesPass,38,90.31
Mail,Bundle,YesPass,44,31.87
Mail,Bundle,YesPass,72,39.15
Mail,Bundle,YesPass,64,79.63
Mail,Bundle,YesPass,50,43.02
Mail,Bundle,YesPass,52,65.58
Mail,Bundle,YesPass,43,14.03
Mail,Bundle,YesPass,42,37.52
Mail,Bundle,YesPass,70,64.19
Mail,Bundle,YesPass,18,24.44
Mail,Bundle,YesPass,36,58.2
Mail,Bundle,YesPass,41,55.59
Mail,Bundle,YesPass,58,44.85
Mail,Bundle,YesPass,41,50.02
Mail,Bundle,YesPass,36,67.63
Mail,Bundle,YesPass,22,54.01
Mail,Bundle,YesPass,33,72.63
Mail,Bundle,YesPass,24,68.98
Mail,Bundle,YesPass,58,82.6
Mail,Bundle,YesPass,42,47.31
Mail,Bundle,YesPass,31,57.97
Mail,Bundle,YesPass,49,35.96
Mail,Bundle,YesPass,46,66.06
Mail,Bundle,YesPass,45,42.13
Mail,Bundle,YesPass,51,66.0
Mail,Bundle,YesPass,54,49.91
Mail,Bundle,YesPass,28,51.84
Mail,Bundle,YesPass,26,59.04
Mail,Bundle,YesPass,60,41.56
Mail,Bundle,YesPass,74,42.88
Mail,Bundle,YesPass,49,43.7
Mail,Bundle,YesPass,44,45.15
Mail,Bundle,YesPass,54,66.04
Mail,Bundle,YesPass,20,47.86
Mail,Bundle,YesPass,39,44.51
Mail,Bundle,YesPass,38,69.57
Mail,Bundle,YesPass,42,67.21
Mail,Bundle,YesPass,61,51.95
Mail,Bundle,YesPass,46,99.04
Mail,Bundle,YesPass,67,35.94
Mail,Bundle,YesPass,45,83.64
Mail,Bundle,YesPass,19,59.39
Mail,Bundle,YesPass,57,72.8
Mail,Bundle,YesPass,64,49.31
Mail,Bundle,YesPass,51,75.71
Mail,Bundle,YesPass,72,36.99
Mail,Bundle,YesPass,42,69.06
Mail,Bundle,YesPass,64,59.38
Mail,Bundle,YesPass,18,70.92
Mail,Bundle,YesPass,20,46.02
Mail,Bundle,YesPass,64,62.32
Mail,Bundle,YesPass,68,40.64
Mail,Bundle,YesPass,48,48.28
Mail,Bundle,YesPass,61,50.28
Mail,Bundle,YesPass,36,43.84
Mail,Bundle,YesPass,60,45.91
Mail,Bundle,YesPass,46,32.75
Mail,Bundle,YesPass,35,52.49
Mail,Bundle,YesPass,23,80.8
Mail,Bundle,YesPass,28,105.79
Mail,Bundle,YesPass,70,39.7
Mail,Bundle,YesPass,43,41.14
Mail,Bundle,YesPass,75,60.79
Mail,Bundle,YesPass,38,63.77
Mail,Bundle,YesPass,21,31.56
Mail,Bundle,YesPass,32,13.37
Mail,Bundle,YesPass,38,59.46
Mail,Bundle,YesPass,58,78.82
Mail,Bundle,YesPass,60,80.36
Mail,Bundle,YesPass,60,54.67
Mail,Bundle,YesPass,36,79.83
Mail,Bundle,YesPass,40,51.78
Mail,Bundle,YesPass,50,29.72
Mail,Bundle,YesPass,53,52.43
Mail,Bundle,YesPass,42,73.44
Mail,Bundle,YesPass,29,57.18
Mail,Bundle,YesPass,62,44.66
Mail,Bundle,YesPass,48,55.81
Mail,Bundle,YesPass,73,60.89
Mail,Bundle,YesPass,72,57.34
Mail,Bundle,YesPass,69,60.3
Mail,Bundle,YesPass,73,61.65
Mail,Bundle,YesPass,54,74.07
Mail,Bundle,YesPass,35,57.24
Mail,Bundle,YesPass,27,52.13
Mail,Bundle,YesPass,24,61.32
Mail,Bundle,YesPass,72,65.5
Mail,Bundle,YesPass,33,23.54
Mail,Bundle,YesPass,19,75.5
Mail,Bundle,YesPass,20,85.4
Mail,Bundle,YesPass,35,55.35
Mail,Bundle,YesPass,74,65.94
Mail,Bundle,YesPass,34,41.61
Mail,Bundle,YesPass,23,67.0
Mail,Bundle,YesPass,56,39.6
Mail,Bundle,YesPass,21,58.15
Mail,Bundle,YesPass,46,65.26
Mail,Bundle,YesPass,22,40.76
Mail,Bundle,YesPass,23,34.98
Mail,Bundle,YesPass,38,48.7
Mail,Bundle,YesPass,18,44.76
Mail,Bundle,YesPass,67,49.09
Mail,Bundle,YesPass,53,35.13
Mail,Bundle,YesPass,72,74.39
Mail,Bundle,YesPass,46,50.03
Mail,Bundle,YesPass,50,62.84
Mail,Bundle,YesPass,52,25.63
Mail,Bundle,YesPass,45,44.33
Mail,Bundle,YesPass,50,83.6
Mail,Bundle,YesPass,51,39.11
Mail,Bundle,YesPass,69,60.01
Mail,Bundle,YesPass,35,92.49
Mail,Bundle,YesPass,71,54.85
Mail,Bundle,YesPass,28,81.96
Mail,Bundle,YesPass,28,38.75
Mail,Bundle,YesPass,32,46.27
Mail,Bundle,YesPass,72,53.79
Mail,Bundle,YesPass,32,45.14
Mail,Bundle,YesPass,63,61.03
Mail,Bundle,YesPass,51,22.9
Mail,Bundle,YesPass,55,35.77
Mail,Bundle,YesPass,22,78.4
Mail,Bundle,YesPass,56,57.0
Mail,Bundle,YesPass,22,63.61
Mail,Bundle,YesPass,49,85.1
Mail,Bundle,YesPass,63,23.41
Mail,Bundle,YesPass,71,5.0
Mail,Bundle,YesPass,75,86.68
Mail,Bundle,YesPass,31,30.13
Mail,Bundle,YesPass,62,56.21
Mail,Bundle,YesPass,52,25.46
Mail,Bundle,YesPass,60,8.71
Mail,Bundle,YesPass,65,53.28
Mail,Bundle,YesPass,45,63.02
Mail,Bundle,YesPass,25,39.78
Mail,Bundle,YesPass,63,8.9
Mail,Bundle,YesPass,53,60.1
Mail,Bundle,YesPass,25,88.74
Mail,Bundle,YesPass,41,23.41
Mail,Bundle,YesPass,26,68.29
Mail,Bundle,YesPass,62,59.51
Mail,Bundle,YesPass,37,21.22
Mail,Bundle,YesPass,21,72.7
Mail,Bundle,YesPass,34,57.85
Mail,Bundle,YesPass,53,51.99
Mail,Bundle,YesPass,52,77.53
Mail,Bundle,YesPass,67,55.14
Mail,Bundle,YesPass,38,77.59
Mail,Bundle,YesPass,54,101.73
Mail,Bundle,YesPass,72,58.5
Mail,Bundle,YesPass,36,62.58
Mail,Bundle,YesPass,19,44.41
Mail,Bundle,YesPass,56,82.38
Mail,Bundle,YesPass,52,32.69
Mail,Bundle,YesPass,37,45.63
Mail,Bundle,YesPass,50,53.86
Mail,Bundle,YesPass,56,51.71
Mail,Bundle,YesPass,65,42.16
Mail,Bundle,YesPass,25,70.79
Mail,Bundle,YesPass,45,49.41
Mail,Bundle,YesPass,34,16.26
Mail,Bundle,YesPass,37,75.88
Mail,Bundle,YesPass,19,86.15
Mail,Bundle,YesPass,42,44.95
Mail,Bundle,YesPass,22,79.44
Mail,Bundle,YesPass,71,45.4
Mail,Bundle,YesPass,50,37.11
Mail,Bundle,YesPass,42,38.41
Mail,Bundle,YesPass,31,84.47
Mail,Bundle,YesPass,72,79.62
Mail,Bundle,YesPass,47,67.51
Mail,Bundle,YesPass,75,36.79
Mail,Bundle,YesPass,56,69.39
Park,Bundle,YesPass,75,45.45
Park,Bundle,YesPass,69,76.26
Park,Bundle,YesPass,61,55.18
Park,Bundle,YesPass,38,54.75
Park,Bundle,YesPass,63,55.59
Park,Bundle,YesPass,36,27.68
Park,Bundle,YesPass,67,33.4
Park,Bundle,YesPass,36,62.3
Park,Bundle,YesPass,22,45.66
Park,Bundle,YesPass,24,79.8
Park,Bundle,YesPass,44,86.15
Park,Bundle,YesPass,56,36.92
Park,Bundle,YesPass,34,37.86
Park,Bundle,YesPass,65,61.94
Park,Bundle,YesPass,32,100.0
Park,Bundle,YesPass,45,50.78
Park,Bundle,YesPass,37,73.89
Park,Bundle,YesPass,50,35.14
Park,Bundle,YesPass,28,48.48
Park,Bundle,YesPass,73,73.49
Park,Bundle,YesPass,71,60.38
Park,Bundle,YesPass,58,73.7
Park,Bundle,YesPass,48,66.92
Park,Bundle,YesPass,61,64.4
Park,Bundle,YesPass,45,64.0
Park,Bundle,YesPass,69,89.3
Park,Bundle,YesPass,21,63.42
Park,Bundle,YesPass,30,80.07
Park,Bundle,YesPass,44,59.76
Park,Bundle,YesPass,55,66.18
Park,Bundle,YesPass,59,45.19
Park,Bundle,YesPass,59,26.71
Park,Bundle,YesPass,72,56.8
Park,Bundle,YesPass,66,66.16
Park,Bundle,YesPass,71,55.78
Park,Bundle,YesPass,37,74.12
Park,Bundle,YesPass,58,49.94
Park,Bundle,YesPass,57,39.22
Park,Bundle,YesPass,53,37.74
Park,Bundle,YesPass,53,76.04
Park,Bundle,YesPass,48,49.31
Park,Bundle,YesPass,41,64.3
Park,Bundle,YesPass,25,38.68
Park,Bundle,YesPass,23,48.43
Park,Bundle,YesPass,18,63.58
Park,Bundle,YesPass,38,83.33
Park,Bundle,YesPass,39,44.63
Park,Bundle,YesPass,73,37.67
Park,Bundle,YesPass,32,63.52
Park,Bundle,YesPass,30,66.47
Park,Bundle,YesPass,20,55.87
Park,Bundle,YesPass,24,85.6
Park,Bundle,YesPass,56,32.7
Park,Bundle,YesPass,39,48.79
Park,Bundle,YesPass,53,63.61
Park,Bundle,YesPass,23,47.8
Park,Bundle,YesPass,62,69.61
Park,Bundle,YesPass,33,63.65
Park,Bundle,YesPass,21,59.06
Park,Bundle,YesPass,71,106.95
Park,Bundle,YesPass,38,45.7
Park,Bundle,YesPass,36,58.82
Park,Bundle,YesPass,20,72.35
Park,Bundle,YesPass,51,50.0
Park,Bundle,YesPass,34,65.98
Park,Bundle,YesPass,31,78.93
Park,Bundle,YesPass,57,67.44
Park,Bundle,YesPass,56,76.92
Park,Bundle,YesPass,26,56.79
Park,Bundle,YesPass,25,58.85
Park,Bundle,YesPass,32,98.17
Park,Bundle,YesPass,63,72.09
Park,Bundle,YesPass,33,80.98
Park,Bundle,YesPass,42,51.83
Park,Bundle,YesPass,25,59.66
Park,Bundle,YesPass,28,84.56
Park,Bundle,YesPass,56,65.27
Park,Bundle,YesPass,61,41.25
Park,Bundle,YesPass,68,47.43
Park,Bundle,YesPass,50,62.42
Park,Bundle,YesPass,34,91.9
Park,Bundle,YesPass,43,73.27
Park,Bundle,YesPass,27,49.94
Park,Bundle,YesPass,31,63.37
Park,Bundle,YesPass,45,64.87
Park,Bundle,YesPass,63,33.6
Park,Bundle,YesPass,33,63.14
Park,Bundle,YesPass,39,57.44
Park,Bundle,YesPass,20,61.04
Park,Bundle,YesPass,20,47.65
Park,Bundle,YesPass,49,70.52
Park,Bundle,YesPass,73,56.34
Park,Bundle,YesPass,51,49.86
Park,Bundle,YesPass,19,97.15
Park,Bundle,YesPass,51,57.05
Park,Bundle,YesPass,24,39.21
Park,Bundle,YesPass,58,85.77
Park,Bundle,YesPass,45,89.21
Park,Bundle,YesPass,39,46.42
Park,Bundle,YesPass,30,55.98
Park,Bundle,YesPass,28,60.54
Park,Bundle,YesPass,37,56.5
Park,Bundle,YesPass,44,38.8
Park,Bundle,YesPass,50,44.28
Park,Bundle,YesPass,57,102.21
Park,Bundle,YesPass,73,52.71
Park,Bundle,YesPass,19,54.1
Park,Bundle,YesPass,72,77.58
Park,Bundle,YesPass,50,55.0
Park,Bundle,YesPass,22,51.57
Park,Bundle,YesPass,68,44.77
Park,Bundle,YesPass,67,73.18
Park,Bundle,YesPass,34,67.26
Park,Bundle,YesPass,27,83.75
Park,Bundle,YesPass,35,55.9
Park,Bundle,YesPass,65,87.02
Park,Bundle,YesPass,71,66.31
Park,Bundle,YesPass,35,54.03
Park,Bundle,YesPass,45,71.82
Park,Bundle,YesPass,59,69.84
Park,Bundle,YesPass,28,68.56
Park,Bundle,YesPass,59,50.03
Park,Bundle,YesPass,31,61.8
Park,Bundle,YesPass,67,60.08
Park,Bundle,YesPass,25,76.79
Park,Bundle,YesPass,74,86.73
Park,Bundle,YesPass,59,78.59
Park,Bundle,YesPass,33,77.07
Park,Bundle,YesPass,64,83.51
Park,Bundle,YesPass,54,85.83
Park,Bundle,YesPass,45,56.65
Park,Bundle,YesPass,60,42.68
Park,Bundle,YesPass,57,66.55
Park,Bundle,YesPass,22,90.84
Park,Bundle,YesPass,31,41.11
Park,Bundle,YesPass,56,46.44
Park,Bundle,YesPass,41,64.8
Park,Bundle,YesPass,36,53.72
Park,Bundle,YesPass,49,81.58
Park,Bundle,YesPass,27,65.12
Park,Bundle,YesPass,74,78.87
Park,Bundle,YesPass,49,69.11
Park,Bundle,YesPass,18,71.03
Park,Bundle,YesPass,44,42.54
Park,Bundle,YesPass,61,52.11
Park,Bundle,YesPass,51,28.38
Park,Bundle,YesPass,47,49.87
Park,Bundle,YesPass,55,53.88
Park,Bundle,YesPass,19,69.91
Park,Bundle,YesPass,46,43.03
Park,Bundle,YesPass,41,95.72
Park,Bundle,YesPass,70,85.71
Park,Bundle,YesPass,51,45.45
Park,Bundle,YesPass,28,30.66
Park,Bundle,YesPass,67,34.95
Park,Bundle,YesPass,34,69.31
Park,Bundle,YesPass,75,41.52
Park,Bundle,YesPass,38,58.55
Park,Bundle,YesPass,67,73.9
Park,Bundle,YesPass,62,70.84
Park,Bundle,YesPass,59,77.03
Park,Bundle,YesPass,55,40.63
Park,Bundle,YesPass,19,75.67
Park,Bundle,YesPass,29,76.27
Park,Bundle,YesPass,68,80.93
Park,Bundle,YesPass,61,78.72
Park,Bundle,YesPass,44,40.92
Park,Bundle,YesPass,62,19.93
Park,Bundle,YesPass,56,70.46
Park,Bundle,YesPass,62,92.63
Park,Bundle,YesPass,48,50.03
Park,Bundle,YesPass,22,49.83
Park,Bundle,YesPass,41,67.04
Park,Bundle,YesPass,30,83.39
Park,Bundle,YesPass,68,77.14
Park,Bundle,YesPass,69,42.65
Park,Bundle,YesPass,29,56.12
Park,Bundle,YesPass,69,53.81
Park,Bundle,YesPass,37,74.28
Park,Bundle,YesPass,29,77.57
Park,Bundle,YesPass,33,48.1
Park,Bundle,YesPass,49,49.41
Park,Bundle,YesPass,31,69.18
Park,Bundle,YesPass,33,60.08
Park,Bundle,YesPass,58,50.17
Park,Bundle,YesPass,42,55.89
Park,Bundle,YesPass,58,74.89
Park,Bundle,YesPass,19,57.7
Park,Bundle,YesPass,23,61.87
Park,Bundle,YesPass,34,50.1
Park,Bundle,YesPass,38,74.75
Park,Bundle,YesPass,33,54.72
Park,Bundle,YesPass,40,68.79
Park,Bundle,YesPass,71,67.12
Park,Bundle,YesPass,44,57.07
Park,Bundle,YesPass,52,49.04
Park,Bundle,YesPass,63,62.68
Park,Bundle,YesPass,28,58.54
Park,Bundle,YesPass,26,82.31
Park,Bundle,YesPass,42,48.83
Park,Bundle,YesPass,54,77.73
Park,Bundle,YesPass,46,85.85
Park,Bundle,YesPass,24,75.98
Park,Bundle,YesPass,54,77.56
Park,Bundle,YesPass,71,59.65
Park,Bundle,YesPass,48,72.38
Park,Bundle,YesPass,70,72.56
Park,Bundle,YesPass,42,35.38
Park,Bundle,YesPass,41,58.55
Park,Bundle,YesPass,36,42.69
Park,Bundle,YesPass,48,30.95
Park,Bundle,YesPass,51,64.1
Park,Bundle,YesPass,24,72.43
Park,Bundle,YesPass,74,52.61
Park,Bundle,YesPass,26,73.91
Park,Bundle,YesPass,50,74.91
Park,Bundle,YesPass,36,66.4
Park,Bundle,YesPass,69,55.8
Park,Bundle,YesPass,55,76.84
Park,Bundle,YesPass,18,96.5
Park,Bundle,YesPass,19,27.92
Park,Bundle,YesPass,29,77.95
Park,Bundle,YesPass,65,44.05
Park,Bundle,YesPass,68,80.08
Park,Bundle,YesPass,49,82.78
Park,Bundle,YesPass,51,57.62
Park,Bundle,YesPass,55,57.15
Park,Bundle,YesPass,46,64.61
Park,Bundle,YesPass,47,67.13
Park,Bundle,YesPass,39,61.35
Park,Bundle,YesPass,46,85.49
Park,Bundle,YesPass,35,36.76
Park,Bundle,YesPass,61,55.95
Park,Bundle,YesPass,57,76.71
Park,Bundle,YesPass,59,59.82
Park,Bundle,YesPass,39,60.52
Park,Bundle,YesPass,40,59.56
Park,Bundle,YesPass,43,82.12
Park,Bundle,YesPass,52,77.5
Park,Bundle,YesPass,63,41.13
Park,Bundle,YesPass,18,44.51
Park,Bundle,YesPass,72,57.53
Park,Bundle,YesPass,68,62.51
Park,Bundle,YesPass,75,81.32
Park,Bundle,YesPass,34,62.89
Park,Bundle,YesPass,46,88.79
Park,Bundle,YesPass,49,98.57
Park,Bundle,YesPass,26,49.38
Park,Bundle,YesPass,38,68.09
Park,Bundle,YesPass,19,83.59
Park,Bundle,YesPass,24,69.26
Park,Bundle,YesPass,46,71.27
Park,Bundle,YesPass,36,56.86
Park,Bundle,YesPass,22,55.17
Park,Bundle,YesPass,66,68.8
Park,Bundle,YesPass,24,83.05
Park,Bundle,YesPass,31,46.23
Park,Bundle,YesPass,31,62.58
Park,Bundle,YesPass,47,97.58
Park,Bundle,YesPass,75,61.66
Park,Bundle,YesPass,19,68.19
Park,Bundle,YesPass,27,79.59
Park,Bundle,YesPass,37,75.52
Park,Bundle,YesPass,24,62.39
Park,Bundle,YesPass,18,61.29
Park,Bundle,YesPass,71,92.68
Park,Bundle,YesPass,30,48.23
Park,Bundle,YesPass,54,40.87
Park,Bundle,YesPass,69,85.28
Park,Bundle,YesPass,60,87.98
Park,Bundle,YesPass,20,47.92
Park,Bundle,YesPass,38,81.17
Park,Bundle,YesPass,20,71.93
Park,Bundle,YesPass,72,63.44
Park,Bundle,YesPass,44,67.48
Park,Bundle,YesPass,74,98.83
Park,Bundle,YesPass,41,79.05
Park,Bundle,YesPass,50,76.3
Park,Bundle,YesPass,21,75.12
Park,Bundle,YesPass,75,55.04
Park,Bundle,YesPass,67,60.06
Park,Bundle,YesPass,47,63.19
Park,Bundle,YesPass,31,49.96
Park,Bundle,YesPass,43,75.32
Park,Bundle,YesPass,43,86.52
Park,Bundle,YesPass,63,64.1
Park,Bundle,YesPass,35,51.07
Park,Bundle,YesPass,55,51.6
Park,Bundle,YesPass,64,94.54
Park,Bundle,YesPass,29,55.26
Park,Bundle,YesPass,63,43.82
Park,Bundle,YesPass,47,39.04
Park,Bundle,YesPass,29,57.3
Park,Bundle,YesPass,18,87.69
Park,Bundle,YesPass,69,88.33
Park,Bundle,YesPass,68,76.46
Park,Bundle,YesPass,21,52.52
Park,Bundle,YesPass,49,80.7
Park,Bundle,YesPass,23,62.37
Park,Bundle,YesPass,20,76.87
Park,Bundle,YesPass,21,105.14
Park,Bundle,YesPass,72,61.89
Park,Bundle,YesPass,47,41.46
Park,Bundle,YesPass,75,100.37
Park,Bundle,YesPass,62,63.17
Park,Bundle,YesPass,60,62.83
Park,Bundle,YesPass,24,36.61
Park,Bundle,YesPass,43,79.62
Park,Bundle,YesPass,50,85.18
Park,Bundle,YesPass,52,70.84
Park,Bundle,YesPass,26,85.98
Park,Bundle,YesPass,18,59.19
Park,Bundle,YesPass,53,90.65
Park,Bundle,YesPass,24,80.35
Park,Bundle,YesPass,72,98.19
Park,Bundle,YesPass,37,36.35
Park,Bundle,YesPass,71,43.93
Park,Bundle,YesPass,41,82.48
Park,Bundle,YesPass,42,73.27
Park,Bundle,YesPass,61,50.01
Park,Bundle,YesPass,70,68.26
Park,Bundle,YesPass,27,83.33
Park,Bundle,YesPass,43,87.16
Park,Bundle,YesPass,24,71.48
Park,Bundle,YesPass,58,68.43
Park,Bundle,YesPass,58,75.23
Park,Bundle,YesPass,26,65.92
Park,Bundle,YesPass,69,101.19
Park,Bundle,YesPass,74,59.09
Park,Bundle,YesPass,69,67.07
Park,Bundle,YesPass,64,63.34
Park,Bundle,YesPass,61,94.7
Park,Bundle,YesPass,34,57.16
Park,Bundle,YesPass,75,82.66
Park,Bundle,YesPass,35,65.71
Park,Bundle,YesPass,48,58.54
Park,Bundle,YesPass,58,29.1
Park,Bundle,YesPass,62,65.57
Park,Bundle,YesPass,36,96.85
Park,Bundle,YesPass,42,54.09
Park,Bundle,YesPass,45,13.92
Park,Bundle,YesPass,38,71.83
Park,Bundle,YesPass,36,44.87
Park,Bundle,YesPass,70,34.33
Park,Bundle,YesPass,32,56.83
Park,Bundle,YesPass,42,42.06
Park,Bundle,YesPass,26,84.95
Park,Bundle,YesPass,61,69.78
Park,Bundle,YesPass,64,77.05
Park,Bundle,YesPass,46,54.45
Park,Bundle,YesPass,21,63.91
Park,Bundle,YesPass,24,55.61
Park,Bundle,YesPass,32,70.29
Park,Bundle,YesPass,25,25.09
Park,Bundle,YesPass,31,64.53
Park,Bundle,YesPass,47,83.66
Park,Bundle,YesPass,51,95.7
Park,Bundle,YesPass,59,80.01
Park,Bundle,YesPass,72,67.62
Park,Bundle,YesPass,61,34.32
Park,Bundle,YesPass,45,67.72
Park,Bundle,YesPass,37,29.62
Park,Bundle,YesPass,68,48.79
Park,Bundle,YesPass,18,61.15
Park,Bundle,YesPass,60,59.96
Park,Bundle,YesPass,48,80.82
Park,Bundle,YesPass,46,59.8
Park,Bundle,YesPass,28,42.14
Park,Bundle,YesPass,34,56.09
Park,Bundle,YesPass,36,51.16
Park,Bundle,YesPass,20,84.33
Park,Bundle,YesPass,50,38.32
Park,Bundle,YesPass,51,55.96
Park,Bundle,YesPass,40,81.26
Park,Bundle,YesPass,70,49.32
Park,Bundle,YesPass,44,71.66
Park,Bundle,YesPass,22,65.3
Park,Bundle,YesPass,20,58.62
Park,Bundle,YesPass,39,33.12
Park,Bundle,YesPass,28,65.31
Park,Bundle,YesPass,67,55.41
Park,Bundle,YesPass,66,69.85
Park,Bundle,YesPass,73,38.55
Park,Bundle,YesPass,47,74.22
Park,Bundle,YesPass,46,76.66
Park,Bundle,YesPass,69,90.05
Park,Bundle,YesPass,54,56.1
Park,Bundle,YesPass,67,52.27
Park,Bundle,YesPass,29,81.09
Park,Bundle,YesPass,29,45.97
Park,Bundle,YesPass,21,49.37
Park,Bundle,YesPass,41,59.27
Park,Bundle,YesPass,63,44.41
Park,Bundle,YesPass,48,90.77
Park,Bundle,YesPass,49,82.16
Park,Bundle,YesPass,23,25.75
Park,Bundle,YesPass,25,26.29
Park,Bundle,YesPass,22,53.22
Park,Bundle,YesPass,39,73.92
Park,Bundle,YesPass,66,77.23
Park,Bundle,YesPass,60,90.34
Park,Bundle,YesPass,65,70.09
Park,Bundle,YesPass,35,45.71
Park,Bundle,YesPass,40,72.52
Park,Bundle,YesPass,73,44.12
Park,Bundle,YesPass,58,49.91
Park,Bundle,YesPass,57,36.04
Park,Bundle,YesPass,48,48.73
Park,Bundle,YesPass,24,53.73
Park,Bundle,YesPass,61,54.63
Park,Bundle,YesPass,39,96.85
Park,Bundle,YesPass,36,66.73
Park,Bundle,YesPass,59,71.26
Park,Bundle,YesPass,45,67.81
Park,Bundle,YesPass,27,93.51
Park,Bundle,YesPass,69,47.87
Park,Bundle,YesPass,40,78.5
Park,Bundle,YesPass,65,49.61
Park,Bundle,YesPass,41,62.5
Park,Bundle,YesPass,35,73.91
Park,Bundle,YesPass,64,40.7
Park,Bundle,YesPass,69,58.04
Park,Bundle,YesPass,36,65.1
Park,Bundle,YesPass,41,74.08
Park,Bundle,YesPass,50,60.97
Park,Bundle,YesPass,57,115.76
Park,Bundle,YesPass,47,98.88
Park,Bundle,YesPass,59,25.36
Park,Bundle,YesPass,66,67.12
Park,Bundle,YesPass,41,74.97
Park,Bundle,YesPass,67,71.16
Park,Bundle,YesPass,65,90.03
Park,Bundle,YesPass,74,13.51
Park,Bundle,YesPass,44,45.66
Park,Bundle,YesPass,67,92.76
Park,Bundle,YesPass,73,86.87
Park,Bundle,YesPass,72,106.14
Park,Bundle,YesPass,72,94.79
Park,Bundle,YesPass,40,41.89
Park,Bundle,YesPass,70,83.63
Park,Bundle,YesPass,43,59.91
Park,Bundle,YesPass,70,68.76
Park,Bundle,YesPass,64,66.01
Park,Bundle,YesPass,26,56.6
Park,Bundle,YesPass,25,55.94
Park,Bundle,YesPass,55,78.95
Park,Bundle,YesPass,32,55.2
Park,Bundle,YesPass,60,68.88
Park,Bundle,YesPass,63,73.73
Park,Bundle,YesPass,48,55.4
Park,Bundle,YesPass,63,59.86
Park,Bundle,YesPass,48,85.72
Park,Bundle,YesPass,51,34.4
Park,Bundle,YesPass,29,52.89
Park,Bundle,YesPass,52,40.91
Park,Bundle,YesPass,27,68.91
Park,Bundle,YesPass,53,113.67
Park,Bundle,YesPass,63,42.88
Park,Bundle,YesPass,62,87.08
Park,Bundle,YesPass,26,90.57
Park,Bundle,YesPass,63,26.52
Park,Bundle,YesPass,60,40.84
Park,Bundle,YesPass,26,64.62
Park,Bundle,YesPass,22,47.22
Park,Bundle,YesPass,55,70.01
Park,Bundle,YesPass,41,89.59
Park,Bundle,YesPass,46,77.68
Park,Bundle,YesPass,19,61.46
Park,Bundle,YesPass,31,75.21
Park,Bundle,YesPass,56,71.33
Park,Bundle,YesPass,54,42.19
Park,Bundle,YesPass,34,54.16
Park,Bundle,YesPass,37,73.42
Park,Bundle,YesPass,45,63.77
Park,Bundle,YesPass,37,70.8
Park,Bundle,YesPass,34,81.02
Park,Bundle,YesPass,36,21.46
Park,Bundle,YesPass,47,91.67
Park,Bundle,YesPass,50,30.66
Park,Bundle,YesPass,56,65.21
Park,Bundle,YesPass,32,67.76
Park,Bundle,YesPass,27,62.37
Park,Bundle,YesPass,36,68.38
Park,Bundle,YesPass,63,54.87
Park,Bundle,YesPass,66,51.84
Park,Bundle,YesPass,63,63.1
Park,Bundle,YesPass,40,68.08
Park,Bundle,YesPass,72,52.58
Park,Bundle,YesPass,51,70.7
Park,Bundle,YesPass,40,49.35
Park,Bundle,YesPass,51,54.32
Park,Bundle,YesPass,68,60.54
Park,Bundle,YesPass,43,72.9
Park,Bundle,YesPass,23,59.25
Park,Bundle,YesPass,35,71.88
Park,Bundle,YesPass,75,93.84
Park,Bundle,YesPass,44,56.23
Park,Bundle,YesPass,30,88.23
Park,Bundle,YesPass,69,40.99
Park,Bundle,YesPass,39,76.43
Park,Bundle,YesPass,36,61.3
Park,Bundle,YesPass,23,102.74
Park,Bundle,YesPass,72,55.61
Park,Bundle,YesPass,66,49.77
Park,Bundle,YesPass,40,83.71
Park,Bundle,YesPass,46,72.15
Park,Bundle,YesPass,32,66.11
Park,Bundle,YesPass,73,21.25
Park,Bundle,YesPass,71,71.82
Park,Bundle,YesPass,26,62.76
Park,Bundle,YesPass,32,66.2
Park,Bundle,YesPass,69,50.62
Park,Bundle,YesPass,30,88.12
Park,Bundle,YesPass,38,64.35
Park,Bundle,YesPass,64,60.16
Park,Bundle,YesPass,31,36.5
Park,Bundle,YesPass,67,60.96
Park,Bundle,YesPass,56,44.82
Park,Bundle,YesPass,28,89.09
Park,Bundle,YesPass,19,68.93
Park,Bundle,YesPass,27,53.55
Park,Bundle,YesPass,48,61.15
Park,Bundle,YesPass,73,90.54
Park,Bundle,YesPass,45,66.94
Park,Bundle,YesPass,25,64.18
Park,Bundle,YesPass,20,97.84
Park,Bundle,YesPass,28,71.09
Park,Bundle,YesPass,43,80.7
Park,Bundle,YesPass,43,58.08
Park,Bundle,YesPass,35,57.55
Park,Bundle,YesPass,54,79.6
Park,Bundle,YesPass,32,63.55
Park,Bundle,YesPass,32,70.87
Park,Bundle,YesPass,71,63.24
Park,Bundle,YesPass,48,64.4
Park,Bundle,YesPass,52,62.0
Park,Bundle,YesPass,51,40.73
Park,Bundle,YesPass,26,87.87
Park,Bundle,YesPass,51,53.61
Park,Bundle,YesPass,61,42.86
Park,Bundle,YesPass,20,65.85
Park,Bundle,YesPass,39,52.59
Park,Bundle,YesPass,34,87.1
Park,Bundle,YesPass,52,75.93
Park,Bundle,YesPass,70,53.83
Park,Bundle,YesPass,40,48.47
Park,Bundle,YesPass,21,75.98
Park,Bundle,YesPass,55,51.87
Park,Bundle,YesPass,35,39.74
Park,Bundle,YesPass,57,34.5
Park,Bundle,YesPass,26,77.12
Park,Bundle,YesPass,34,36.3
Park,Bundle,YesPass,40,43.15
Park,Bundle,YesPass,66,76.79
Park,Bundle,YesPass,49,78.85
Park,Bundle,YesPass,53,43.31
Park,Bundle,YesPass,58,53.36
Park,Bundle,YesPass,53,81.89
Park,Bundle,YesPass,69,68.13
Park,Bundle,YesPass,30,56.01
Park,Bundle,YesPass,54,66.45
Park,Bundle,YesPass,32,71.85
Park,Bundle,YesPass,50,44.52
Park,Bundle,YesPass,40,46.04
Park,Bundle,YesPass,71,84.39
Park,Bundle,YesPass,19,95.93
Park,Bundle,YesPass,49,80.66
Park,Bundle,YesPass,21,60.98
Park,Bundle,YesPass,39,52.14
Park,Bundle,YesPass,56,65.44
Park,Bundle,YesPass,31,83.32
Park,Bundle,YesPass,36,87.07
Park,Bundle,YesPass,57,64.24
Park,Bundle,YesPass,59,71.64
Park,Bundle,YesPass,55,38.45
Park,Bundle,YesPass,22,61.99
Park,Bundle,YesPass,37,90.73
Park,Bundle,YesPass,60,61.91
Park,Bundle,YesPass,68,72.66
Park,Bundle,YesPass,30,80.59
Park,Bundle,YesPass,40,79.16
Park,Bundle,YesPass,68,66.2
Park,Bundle,YesPass,25,54.34
Park,Bundle,YesPass,70,25.53
Park,Bundle,YesPass,39,43.58
Park,Bundle,YesPass,57,58.88
Park,Bundle,YesPass,43,77.31
Park,Bundle,YesPass,40,68.12
Park,Bundle,YesPass,39,85.01
Park,Bundle,YesPass,19,42.53
Park,Bundle,YesPass,70,32.47
Park,Bundle,YesPass,62,75.24
Park,Bundle,YesPass,71,96.44
Park,Bundle,YesPass,50,67.99
Park,Bundle,YesPass,73,54.6
Park,Bundle,YesPass,22,80.37
Park,Bundle,YesPass,38,89.75
Park,Bundle,YesPass,51,42.63
Park,Bundle,YesPass,45,58.29
Park,Bundle,YesPass,18,82.58
Park,Bundle,YesPass,23,68.89
Park,Bundle,YesPass,44,50.16
Park,Bundle,YesPass,65,59.13
Park,Bundle,YesPass,53,48.61
Park,Bundle,YesPass,34,38.26
Park,Bundle,YesPass,64,70.11
Park,Bundle,YesPass,69,41.23
Park,Bundle,YesPass,34,62.3
Park,Bundle,YesPass,71,47.65
Park,Bundle,YesPass,31,72.16
Park,Bundle,YesPass,51,57.95
Park,Bundle,YesPass,37,59.68
Park,Bundle,YesPass,59,36.62
Park,Bundle,YesPass,21,68.42
Park,Bundle,YesPass,21,56.33
Park,Bundle,YesPass,72,49.83
Park,Bundle,YesPass,28,71.61
Park,Bundle,YesPass,69,80.32
Park,Bundle,YesPass,56,94.23
Park,Bundle,YesPass,52,67.49
Park,Bundle,YesPass,60,68.2
Park,Bundle,YesPass,22,47.24
Park,Bundle,YesPass,20,51.99
Park,Bundle,YesPass,22,84.95
Park,Bundle,YesPass,19,56.12
Park,Bundle,YesPass,72,96.65
Park,Bundle,YesPass,43,42.12
Park,Bundle,YesPass,25,61.59
Park,Bundle,YesPass,36,61.05
Park,Bundle,YesPass,26,52.49
Park,Bundle,YesPass,70,59.08
Park,Bundle,YesPass,63,61.15
Park,Bundle,YesPass,18,67.66
Park,Bundle,YesPass,35,63.08
Park,Bundle,YesPass,56,83.26
Park,Bundle,YesPass,41,109.38
Park,Bundle,YesPass,30,78.07
Park,Bundle,YesPass,41,71.89
Park,Bundle,YesPass,42,47.01
Email,Bundle,YesPass,58,75.01
Email,Bundle,YesPass,50,54.34
Email,Bundle,YesPass,45,93.54
Email,Bundle,YesPass,53,58.28
Email,Bundle,YesPass,65,97.14
Email,Bundle,YesPass,23,71.33
Email,Bundle,YesPass,46,91.38
Email,Bundle,YesPass,61,94.3
Email,Bundle,YesPass,34,51.06
Email,Bundle,YesPass,68,70.69
Email,Bundle,YesPass,29,91.43
Email,Bundle,YesPass,20,93.6
Email,Bundle,YesPass,61,99.38
Email,Bundle,YesPass,62,78.84
Email,Bundle,YesPass,30,83.33
Email,Bundle,YesPass,75,117.12
Email,Bundle,YesPass,53,88.59
Email,Bundle,YesPass,20,99.8
Email,Bundle,YesPass,52,80.26
Email,Bundle,YesPass,38,57.92
Email,Bundle,YesPass,73,93.4
Email,Bundle,YesPass,33,94.82
Email,Bundle,YesPass,23,101.97
Email,Bundle,YesPass,68,68.81
Email,Bundle,YesPass,30,72.28
Email,Bundle,YesPass,37,46.11
Email,Bundle,YesPass,56,95.09
Email,Bundle,YesPass,37,99.64
Email,Bundle,YesPass,37,72.91
Email,Bundle,YesPass,46,77.07
Email,Bundle,YesPass,25,81.13
Email,Bundle,YesPass,49,113.63
Email,Bundle,YesPass,69,101.33
Email,Bundle,YesPass,75,105.52
Email,Bundle,YesPass,60,82.35
Email,Bundle,YesPass,52,77.0
Email,Bundle,YesPass,30,104.82
Email,Bundle,YesPass,68,55.16
Mail,NoBundle,YesPass,23,64.23
Mail,NoBundle,YesPass,59,31.61
Mail,NoBundle,YesPass,66,69.13
Mail,NoBundle,YesPass,44,64.14
Mail,NoBundle,YesPass,51,39.0
Mail,NoBundle,YesPass,65,58.93
Mail,NoBundle,YesPass,71,34.58
Mail,NoBundle,YesPass,19,36.1
Mail,NoBundle,YesPass,47,47.88
Mail,NoBundle,YesPass,41,41.25
Mail,NoBundle,YesPass,31,72.74
Mail,NoBundle,YesPass,68,92.51
Mail,NoBundle,YesPass,25,55.01
Mail,NoBundle,YesPass,37,54.85
Mail,NoBundle,YesPass,42,68.34
Mail,NoBundle,YesPass,31,49.16
Mail,NoBundle,YesPass,57,63.0
Mail,NoBundle,YesPass,55,21.01
Mail,NoBundle,YesPass,18,42.35
Mail,NoBundle,YesPass,27,27.06
Mail,NoBundle,YesPass,40,20.4
Mail,NoBundle,YesPass,69,71.9
Mail,NoBundle,YesPass,41,49.34
Mail,NoBundle,YesPass,42,83.01
Mail,NoBundle,YesPass,56,81.86
Mail,NoBundle,YesPass,63,53.62
Mail,NoBundle,YesPass,29,47.25
Mail,NoBundle,YesPass,56,41.16
Mail,NoBundle,YesPass,68,10.81
Mail,NoBundle,YesPass,69,45.12
Mail,NoBundle,YesPass,36,49.8
Mail,NoBundle,YesPass,62,42.61
Mail,NoBundle,YesPass,65,37.23
Mail,NoBundle,YesPass,26,53.14
Mail,NoBundle,YesPass,66,48.04
Mail,NoBundle,YesPass,71,57.14
Mail,NoBundle,YesPass,69,36.92
Mail,NoBundle,YesPass,68,88.51
Mail,NoBundle,YesPass,33,64.4
Mail,NoBundle,YesPass,46,51.75
Mail,NoBundle,YesPass,66,40.56
Mail,NoBundle,YesPass,23,37.22
Mail,NoBundle,YesPass,31,68.82
Mail,NoBundle,YesPass,30,47.26
Mail,NoBundle,YesPass,41,55.52
Mail,NoBundle,YesPass,24,62.05
Mail,NoBundle,YesPass,28,44.85
Mail,NoBundle,YesPass,75,59.22
Mail,NoBundle,YesPass,46,21.18
Mail,NoBundle,YesPass,65,37.29
Mail,NoBundle,YesPass,22,19.87
Mail,NoBundle,YesPass,20,47.23
Mail,NoBundle,YesPass,73,46.94
Mail,NoBundle,YesPass,73,86.12
Mail,NoBundle,YesPass,18,40.43
Mail,NoBundle,YesPass,32,57.09
Mail,NoBundle,YesPass,46,61.95
Mail,NoBundle,YesPass,55,79.51
Mail,NoBundle,YesPass,66,62.59
Mail,NoBundle,YesPass,18,67.78
Mail,NoBundle,YesPass,25,86.58
Mail,NoBundle,YesPass,19,24.3
Mail,NoBundle,YesPass,52,43.96
Mail,NoBundle,YesPass,49,47.55
Mail,NoBundle,YesPass,48,53.12
Mail,NoBundle,YesPass,29,42.93
Mail,NoBundle,YesPass,61,73.49
Mail,NoBundle,YesPass,71,43.16
Mail,NoBundle,YesPass,58,42.57
Mail,NoBundle,YesPass,75,62.55
Mail,NoBundle,YesPass,65,40.95
Mail,NoBundle,YesPass,22,35.39
Mail,NoBundle,YesPass,64,30.78
Mail,NoBundle,YesPass,53,51.77
Mail,NoBundle,YesPass,51,72.41
Mail,NoBundle,YesPass,29,68.4
Mail,NoBundle,YesPass,38,62.17
Mail,NoBundle,YesPass,38,56.21
Mail,NoBundle,YesPass,24,44.09
Mail,NoBundle,YesPass,37,52.37
Mail,NoBundle,YesPass,27,32.09
Mail,NoBundle,YesPass,44,56.89
Mail,NoBundle,YesPass,68,72.03
Mail,NoBundle,YesPass,61,24.92
Mail,NoBundle,YesPass,33,77.77
Mail,NoBundle,YesPass,51,15.27
Mail,NoBundle,YesPass,69,40.12
Mail,NoBundle,YesPass,73,34.69
Mail,NoBundle,YesPass,35,41.13
Mail,NoBundle,YesPass,35,47.63
Mail,NoBundle,YesPass,21,76.52
Mail,NoBundle,YesPass,62,35.92
Mail,NoBundle,YesPass,34,37.38
Mail,NoBundle,YesPass,38,40.63
Mail,NoBundle,YesPass,40,44.03
Mail,NoBundle,YesPass,23,42.41
Mail,NoBundle,YesPass,24,29.97
Mail,NoBundle,YesPass,51,58.45
Mail,NoBundle,YesPass,42,51.48
Mail,NoBundle,YesPass,37,71.71
Mail,NoBundle,YesPass,64,76.06
Mail,NoBundle,YesPass,30,25.84
Mail,NoBundle,YesPass,42,82.16
Mail,NoBundle,YesPass,36,63.07
Mail,NoBundle,YesPass,46,76.66
Mail,NoBundle,YesPass,25,52.23
Mail,NoBundle,YesPass,75,65.53
Mail,NoBundle,YesPass,35,64.02
Mail,NoBundle,YesPass,30,78.07
Mail,NoBundle,YesPass,58,42.95
Mail,NoBundle,YesPass,49,43.11
Mail,NoBundle,YesPass,61,49.42
Mail,NoBundle,YesPass,75,78.32
Mail,NoBundle,YesPass,58,81.47
Mail,NoBundle,YesPass,46,34.01
Mail,NoBundle,YesPass,36,63.75
Mail,NoBundle,YesPass,52,53.62
Mail,NoBundle,YesPass,70,49.99
Mail,NoBundle,YesPass,49,63.92
Mail,NoBundle,YesPass,50,87.73
Mail,NoBundle,YesPass,24,64.95
Mail,NoBundle,YesPass,43,46.18
Mail,NoBundle,YesPass,59,43.13
Mail,NoBundle,YesPass,65,63.57
Mail,NoBundle,YesPass,70,59.24
Mail,NoBundle,YesPass,55,74.98
Mail,NoBundle,YesPass,71,79.81
Mail,NoBundle,YesPass,21,59.23
Mail,NoBundle,YesPass,52,65.7
Mail,NoBundle,YesPass,32,84.89
Mail,NoBundle,YesPass,38,78.18
Mail,NoBundle,YesPass,72,38.62
Mail,NoBundle,YesPass,57,29.13
Mail,NoBundle,YesPass,43,30.3
Mail,NoBundle,YesPass,72,23.27
Mail,NoBundle,YesPass,41,61.85
Mail,NoBundle,YesPass,74,32.3
Mail,NoBundle,YesPass,34,67.12
Mail,NoBundle,YesPass,34,40.06
Mail,NoBundle,YesPass,55,72.0
Mail,NoBundle,YesPass,72,66.17
Mail,NoBundle,YesPass,22,57.62
Mail,NoBundle,YesPass,60,62.89
Mail,NoBundle,YesPass,42,31.51
Mail,NoBundle,YesPass,68,10.24
Mail,NoBundle,YesPass,63,44.57
Mail,NoBundle,YesPass,27,62.37
Mail,NoBundle,YesPass,56,30.81
Mail,NoBundle,YesPass,74,66.03
Mail,NoBundle,YesPass,26,65.02
Mail,NoBundle,YesPass,61,56.38
Mail,NoBundle,YesPass,24,58.9
Mail,NoBundle,YesPass,27,52.52
Mail,NoBundle,YesPass,33,56.75
Mail,NoBundle,YesPass,49,31.28
Mail,NoBundle,YesPass,63,73.12
Mail,NoBundle,YesPass,24,60.3
Mail,NoBundle,YesPass,20,63.8
Mail,NoBundle,YesPass,60,40.57
Mail,NoBundle,YesPass,36,27.27
Mail,NoBundle,YesPass,52,76.26
Mail,NoBundle,YesPass,42,27.49
Mail,NoBundle,YesPass,51,48.05
Mail,NoBundle,YesPass,37,52.03
Mail,NoBundle,YesPass,67,58.53
Mail,NoBundle,YesPass,24,59.92
Mail,NoBundle,YesPass,62,53.7
Mail,NoBundle,YesPass,42,28.25
Mail,NoBundle,YesPass,23,49.07
Mail,NoBundle,YesPass,70,52.41
Mail,NoBundle,YesPass,62,63.72
Mail,NoBundle,YesPass,26,58.33
Mail,NoBundle,YesPass,49,74.49
Mail,NoBundle,YesPass,27,69.19
Mail,NoBundle,YesPass,28,31.07
Mail,NoBundle,YesPass,35,55.26
Mail,NoBundle,YesPass,38,62.01
Mail,NoBundle,YesPass,75,44.93
Mail,NoBundle,YesPass,47,81.27
Mail,NoBundle,YesPass,42,44.16
Mail,NoBundle,YesPass,67,30.81
Mail,NoBundle,YesPass,20,22.11
Mail,NoBundle,YesPass,69,45.68
Mail,NoBundle,YesPass,20,45.77
Mail,NoBundle,YesPass,23,47.36
Mail,NoBundle,YesPass,19,14.33
Mail,NoBundle,YesPass,43,54.42
Mail,NoBundle,YesPass,74,74.96
Mail,NoBundle,YesPass,66,42.69
Mail,NoBundle,YesPass,22,65.21
Mail,NoBundle,YesPass,52,43.24
Mail,NoBundle,YesPass,72,39.62
Mail,NoBundle,YesPass,67,78.73
Mail,NoBundle,YesPass,34,67.62
Mail,NoBundle,YesPass,52,70.59
Mail,NoBundle,YesPass,38,96.76
Mail,NoBundle,YesPass,30,54.84
Mail,NoBundle,YesPass,69,54.55
Mail,NoBundle,YesPass,47,57.47
Mail,NoBundle,YesPass,45,80.84
Mail,NoBundle,YesPass,47,72.0
Mail,NoBundle,YesPass,30,38.95
Mail,NoBundle,YesPass,69,40.19
Mail,NoBundle,YesPass,52,61.74
Mail,NoBundle,YesPass,38,64.12
Mail,NoBundle,YesPass,52,63.45
Mail,NoBundle,YesPass,31,64.89
Mail,NoBundle,YesPass,46,51.57
Mail,NoBundle,YesPass,61,66.1
Mail,NoBundle,YesPass,66,66.6
Mail,NoBundle,YesPass,42,38.9
Mail,NoBundle,YesPass,59,32.36
Mail,NoBundle,YesPass,46,59.26
Mail,NoBundle,YesPass,22,47.64
Mail,NoBundle,YesPass,74,29.09
Mail,NoBundle,YesPass,68,68.94
Mail,NoBundle,YesPass,57,62.59
Mail,NoBundle,YesPass,20,80.1
Mail,NoBundle,YesPass,56,54.04
Mail,NoBundle,YesPass,31,56.36
Mail,NoBundle,YesPass,72,29.01
Mail,NoBundle,YesPass,23,80.39
Mail,NoBundle,YesPass,59,66.1
Mail,NoBundle,YesPass,40,71.08
Mail,NoBundle,YesPass,73,50.47
Mail,NoBundle,YesPass,63,53.89
Mail,NoBundle,YesPass,54,60.85
Mail,NoBundle,YesPass,48,41.29
Mail,NoBundle,YesPass,52,40.92
Mail,NoBundle,YesPass,53,90.86
Mail,NoBundle,YesPass,34,61.05
Mail,NoBundle,YesPass,49,42.44
Mail,NoBundle,YesPass,31,29.21
Mail,NoBundle,YesPass,33,33.63
Mail,NoBundle,YesPass,48,60.73
Mail,NoBundle,YesPass,54,37.55
Mail,NoBundle,YesPass,21,35.28
Mail,NoBundle,YesPass,74,50.99
Mail,NoBundle,YesPass,27,61.23
Mail,NoBundle,YesPass,50,77.88
Mail,NoBundle,YesPass,59,39.97
Mail,NoBundle,YesPass,33,42.18
Mail,NoBundle,YesPass,57,61.38
Mail,NoBundle,YesPass,47,45.98
Mail,NoBundle,YesPass,19,69.8
Mail,NoBundle,YesPass,68,46.29
Mail,NoBundle,YesPass,27,30.75
Mail,NoBundle,YesPass,24,41.87
Mail,NoBundle,YesPass,53,26.71
Mail,NoBundle,YesPass,29,45.12
Mail,NoBundle,YesPass,41,63.33
Mail,NoBundle,YesPass,20,55.6
Mail,NoBundle,YesPass,52,52.55
Mail,NoBundle,YesPass,68,31.62
Mail,NoBundle,YesPass,25,40.96
Mail,NoBundle,YesPass,51,47.66
Mail,NoBundle,YesPass,68,59.08
Mail,NoBundle,YesPass,30,100.13
Mail,NoBundle,YesPass,33,42.26
Mail,NoBundle,YesPass,44,71.56
Mail,NoBundle,YesPass,39,33.81
Mail,NoBundle,YesPass,22,35.92
Mail,NoBundle,YesPass,44,19.05
Mail,NoBundle,YesPass,71,40.45
Mail,NoBundle,YesPass,52,73.31
Mail,NoBundle,YesPass,36,54.09
Mail,NoBundle,YesPass,74,76.44
Mail,NoBundle,YesPass,23,45.48
Mail,NoBundle,YesPass,30,73.66
Mail,NoBundle,YesPass,75,44.45
Mail,NoBundle,YesPass,27,70.41
Mail,NoBundle,YesPass,65,83.86
Mail,NoBundle,YesPass,26,50.33
Mail,NoBundle,YesPass,30,30.14
Mail,NoBundle,YesPass,62,87.51
Mail,NoBundle,YesPass,55,38.78
Mail,NoBundle,YesPass,40,44.26
Mail,NoBundle,YesPass,33,48.84
Mail,NoBundle,YesPass,71,70.9
Mail,NoBundle,YesPass,44,66.84
Mail,NoBundle,YesPass,21,66.23
Mail,NoBundle,YesPass,63,49.52
Mail,NoBundle,YesPass,48,50.97
Mail,NoBundle,YesPass,27,69.25
Mail,NoBundle,YesPass,61,84.46
Mail,NoBundle,YesPass,47,32.02
Mail,NoBundle,YesPass,47,77.08
Mail,NoBundle,YesPass,67,71.93
Mail,NoBundle,YesPass,41,66.49
Mail,NoBundle,YesPass,20,42.09
Mail,NoBundle,YesPass,65,56.47
Mail,NoBundle,YesPass,29,61.73
Mail,NoBundle,YesPass,47,43.24
Mail,NoBundle,YesPass,42,76.06
Mail,NoBundle,YesPass,70,46.38
Mail,NoBundle,YesPass,19,82.57
Mail,NoBundle,YesPass,31,27.95
Mail,NoBundle,YesPass,39,30.2
Mail,NoBundle,YesPass,52,20.81
Mail,NoBundle,YesPass,30,67.76
Mail,NoBundle,YesPass,54,38.63
Mail,NoBundle,YesPass,28,40.12
Mail,NoBundle,YesPass,70,71.33
Mail,NoBundle,YesPass,72,86.18
Mail,NoBundle,YesPass,23,41.32
Mail,NoBundle,YesPass,53,79.47
Mail,NoBundle,YesPass,64,64.61
Mail,NoBundle,YesPass,38,54.63
Mail,NoBundle,YesPass,57,33.29
Mail,NoBundle,YesPass,64,29.43
Mail,NoBundle,YesPass,67,55.96
Mail,NoBundle,YesPass,51,57.22
Mail,NoBundle,YesPass,53,42.36
Mail,NoBundle,YesPass,26,36.95
Mail,NoBundle,YesPass,44,31.08
Mail,NoBundle,YesPass,60,61.21
Mail,NoBundle,YesPass,64,66.97
Mail,NoBundle,YesPass,38,67.78
Mail,NoBundle,YesPass,34,65.88
Mail,NoBundle,YesPass,59,45.02
Mail,NoBundle,YesPass,21,83.64
Mail,NoBundle,YesPass,30,36.65
Mail,NoBundle,YesPass,61,65.07
Mail,NoBundle,YesPass,57,47.58
Mail,NoBundle,YesPass,65,34.7
Mail,NoBundle,YesPass,62,43.17
Mail,NoBundle,YesPass,66,64.65
Mail,NoBundle,YesPass,36,74.42
Mail,NoBundle,YesPass,43,60.65
Mail,NoBundle,YesPass,53,5.0
Mail,NoBundle,YesPass,60,68.08
Mail,NoBundle,YesPass,39,16.56
Mail,NoBundle,YesPass,59,89.56
Mail,NoBundle,YesPass,28,58.76
Mail,NoBundle,YesPass,34,57.5
Mail,NoBundle,YesPass,56,72.95
Mail,NoBundle,YesPass,62,49.76
Mail,NoBundle,YesPass,22,50.22
Mail,NoBundle,YesPass,73,47.99
Mail,NoBundle,YesPass,63,57.18
Mail,NoBundle,YesPass,38,56.36
Mail,NoBundle,YesPass,55,58.98
Mail,NoBundle,YesPass,33,5.0
Mail,NoBundle,YesPass,24,53.16
Mail,NoBundle,YesPass,51,26.1
Mail,NoBundle,YesPass,69,104.01
Mail,NoBundle,YesPass,68,69.22
Mail,NoBundle,YesPass,22,71.66
Mail,NoBundle,YesPass,53,63.42
Mail,NoBundle,YesPass,22,66.96
Mail,NoBundle,YesPass,74,38.68
Mail,NoBundle,YesPass,41,69.08
Mail,NoBundle,YesPass,71,70.33
Mail,NoBundle,YesPass,47,58.13
Mail,NoBundle,YesPass,59,68.84
Mail,NoBundle,YesPass,18,74.06
Mail,NoBundle,YesPass,58,55.18
Mail,NoBundle,YesPass,52,34.76
Mail,NoBundle,YesPass,28,69.75
Park,NoBundle,YesPass,44,92.5
Park,NoBundle,YesPass,37,43.43
Park,NoBundle,YesPass,19,85.99
Park,NoBundle,YesPass,64,69.69
Park,NoBundle,YesPass,57,76.1
Park,NoBundle,YesPass,41,80.27
Park,NoBundle,YesPass,35,45.88
Park,NoBundle,YesPass,31,70.28
Park,NoBundle,YesPass,62,83.44
Park,NoBundle,YesPass,21,90.71
Park,NoBundle,YesPass,47,80.77
Park,NoBundle,YesPass,30,48.22
Park,NoBundle,YesPass,22,68.72
Park,NoBundle,YesPass,51,60.57
Park,NoBundle,YesPass,34,66.19
Park,NoBundle,YesPass,71,85.1
Park,NoBundle,YesPass,59,39.89
Park,NoBundle,YesPass,40,74.47
Park,NoBundle,YesPass,75,73.1
Park,NoBundle,YesPass,63,47.52
Park,NoBundle,YesPass,46,85.38
Park,NoBundle,YesPass,25,54.47
Park,NoBundle,YesPass,22,65.85
Park,NoBundle,YesPass,65,18.24
Park,NoBundle,YesPass,45,85.26
Park,NoBundle,YesPass,71,59.95
Park,NoBundle,YesPass,45,59.34
Park,NoBundle,YesPass,47,91.43
Park,NoBundle,YesPass,65,30.09
Park,NoBundle,YesPass,44,80.75
Park,NoBundle,YesPass,48,84.13
Park,NoBundle,YesPass,70,29.01
Park,NoBundle,YesPass,31,69.8
Park,NoBundle,YesPass,31,58.13
Park,NoBundle,YesPass,71,46.01
Park,NoBundle,YesPass,71,41.65
Park,NoBundle,YesPass,74,78.16
Park,NoBundle,YesPass,71,86.24
Park,NoBundle,YesPass,19,44.7
Park,NoBundle,YesPass,73,47.88
Park,NoBundle,YesPass,27,79.97
Park,NoBundle,YesPass,69,108.97
Park,NoBundle,YesPass,58,36.8
Park,NoBundle,YesPass,48,38.52
Park,NoBundle,YesPass,44,45.24
Park,NoBundle,YesPass,57,45.52
Park,NoBundle,YesPass,55,86.29
Park,NoBundle,YesPass,48,46.3
Park,NoBundle,YesPass,22,106.04
Park,NoBundle,YesPass,35,73.58
Park,NoBundle,YesPass,28,83.83
Park,NoBundle,YesPass,75,76.67
Park,NoBundle,YesPass,66,46.08
Park,NoBundle,YesPass,19,39.4
Park,NoBundle,YesPass,54,82.55
Park,NoBundle,YesPass,32,87.62
Park,NoBundle,YesPass,47,73.14
Park,NoBundle,YesPass,71,65.27
Park,NoBundle,YesPass,52,67.06
Park,NoBundle,YesPass,73,69.35
Park,NoBundle,YesPass,36,40.23
Park,NoBundle,YesPass,34,66.38
Park,NoBundle,YesPass,66,65.3
Park,NoBundle,YesPass,75,32.32
Park,NoBundle,YesPass,55,15.3
Park,NoBundle,YesPass,65,60.45
Park,NoBundle,YesPass,41,27.3
Park,NoBundle,YesPass,63,21.63
Park,NoBundle,YesPass,28,33.05
Park,NoBundle,YesPass,51,68.67
Park,NoBundle,YesPass,61,64.25
Park,NoBundle,YesPass,40,66.55
Park,NoBundle,YesPass,33,96.59
Park,NoBundle,YesPass,18,74.77
Park,NoBundle,YesPass,44,93.76
Park,NoBundle,YesPass,39,68.63
Park,NoBundle,YesPass,56,84.95
Park,NoBundle,YesPass,39,94.26
Park,NoBundle,YesPass,59,102.04
Park,NoBundle,YesPass,22,61.01
Park,NoBundle,YesPass,75,42.69
Park,NoBundle,YesPass,22,66.14
Park,NoBundle,YesPass,38,90.3
Park,NoBundle,YesPass,33,94.43
Park,NoBundle,YesPass,64,67.42
Park,NoBundle,YesPass,46,71.99
Park,NoBundle,YesPass,61,94.7
Park,NoBundle,YesPass,62,68.33
Park,NoBundle,YesPass,55,77.62
Park,NoBundle,YesPass,52,82.31
Park,NoBundle,YesPass,47,60.9
Park,NoBundle,YesPass,49,49.15
Park,NoBundle,YesPass,63,111.06
Park,NoBundle,YesPass,64,54.12
Park,NoBundle,YesPass,44,45.16
Park,NoBundle,YesPass,67,60.21
Park,NoBundle,YesPass,19,67.96
Park,NoBundle,YesPass,43,70.47
Park,NoBundle,YesPass,57,58.93
Park,NoBundle,YesPass,53,74.35
Park,NoBundle,YesPass,41,97.03
Park,NoBundle,YesPass,71,58.84
Park,NoBundle,YesPass,21,65.81
Park,NoBundle,YesPass,22,91.06
Park,NoBundle,YesPass,45,46.22
Park,NoBundle,YesPass,53,42.71
Park,NoBundle,YesPass,41,52.02
Park,NoBundle,YesPass,63,62.91
Park,NoBundle,YesPass,55,81.77
Park,NoBundle,YesPass,42,34.39
Park,NoBundle,YesPass,34,52.41
Park,NoBundle,YesPass,61,44.13
Park,NoBundle,YesPass,46,35.26
Park,NoBundle,YesPass,66,40.88
Park,NoBundle,YesPass,29,78.99
Park,NoBundle,YesPass,62,66.88
Park,NoBundle,YesPass,58,67.94
Park,NoBundle,YesPass,49,76.54
Park,NoBundle,YesPass,73,73.19
Park,NoBundle,YesPass,60,73.03
Park,NoBundle,YesPass,71,100.74
Park,NoBundle,YesPass,59,77.57
Park,NoBundle,YesPass,34,13.89
Park,NoBundle,YesPass,40,75.68
Park,NoBundle,YesPass,69,83.18
Park,NoBundle,YesPass,19,74.33
Park,NoBundle,YesPass,71,53.72
Park,NoBundle,YesPass,73,45.64
Park,NoBundle,YesPass,66,65.85
Park,NoBundle,YesPass,45,77.75
Park,NoBundle,YesPass,57,81.35
Park,NoBundle,YesPass,35,30.36
Park,NoBundle,YesPass,28,71.3
Park,NoBundle,YesPass,32,89.06
Park,NoBundle,YesPass,69,79.47
Park,NoBundle,YesPass,41,112.9
Park,NoBundle,YesPass,59,51.88
Park,NoBundle,YesPass,51,42.21
Park,NoBundle,YesPass,75,81.61
Park,NoBundle,YesPass,48,93.31
Park,NoBundle,YesPass,43,46.01
Park,NoBundle,YesPass,40,65.89
Park,NoBundle,YesPass,57,69.48
Park,NoBundle,YesPass,22,72.9
Park,NoBundle,YesPass,73,88.64
Park,NoBundle,YesPass,74,109.11
Park,NoBundle,YesPass,23,54.26
Park,NoBundle,YesPass,18,59.17
Park,NoBundle,YesPass,69,36.83
Park,NoBundle,YesPass,71,79.6
Park,NoBundle,YesPass,44,43.86
Park,NoBundle,YesPass,19,67.37
Park,NoBundle,YesPass,23,73.68
Park,NoBundle,YesPass,47,89.96
Park,NoBundle,YesPass,72,64.03
Park,NoBundle,YesPass,63,55.88
Park,NoBundle,YesPass,19,53.02
Park,NoBundle,YesPass,56,83.4
Park,NoBundle,YesPass,64,58.54
Park,NoBundle,YesPass,58,66.05
Park,NoBundle,YesPass,43,79.24
Park,NoBundle,YesPass,23,89.27
Park,NoBundle,YesPass,60,86.62
Park,NoBundle,YesPass,68,38.65
Park,NoBundle,YesPass,49,44.6
Park,NoBundle,YesPass,55,71.69
Park,NoBundle,YesPass,23,75.75
Park,NoBundle,YesPass,72,70.13
Park,NoBundle,YesPass,38,89.41
Park,NoBundle,YesPass,75,93.79
Park,NoBundle,YesPass,26,63.59
Park,NoBundle,YesPass,61,68.36
Park,NoBundle,YesPass,61,85.35
Park,NoBundle,YesPass,64,81.25
Park,NoBundle,YesPass,33,46.23
Park,NoBundle,YesPass,73,40.79
Park,NoBundle,YesPass,41,32.0
Park,NoBundle,YesPass,59,64.7
Park,NoBundle,YesPass,22,53.89
Park,NoBundle,YesPass,53,52.2
Park,NoBundle,YesPass,32,36.19
Park,NoBundle,YesPass,48,63.84
Park,NoBundle,YesPass,60,36.67
Park,NoBundle,YesPass,48,43.0
Park,NoBundle,YesPass,22,58.13
Park,NoBundle,YesPass,55,73.39
Park,NoBundle,YesPass,38,65.35
Park,NoBundle,YesPass,54,77.49
Park,NoBundle,YesPass,57,63.48
Park,NoBundle,YesPass,18,56.86
Park,NoBundle,YesPass,34,58.64
Park,NoBundle,YesPass,26,48.04
Park,NoBundle,YesPass,58,65.2
Park,NoBundle,YesPass,42,86.43
Park,NoBundle,YesPass,23,78.24
Park,NoBundle,YesPass,34,77.9
Park,NoBundle,YesPass,73,71.55
Park,NoBundle,YesPass,57,68.83
Park,NoBundle,YesPass,40,66.46
Park,NoBundle,YesPass,75,44.87
Park,NoBundle,YesPass,57,44.04
Park,NoBundle,YesPass,33,47.22
Park,NoBundle,YesPass,27,81.69
Park,NoBundle,YesPass,65,53.04
Park,NoBundle,YesPass,35,76.13
Park,NoBundle,YesPass,39,43.69
Park,NoBundle,YesPass,32,59.55
Park,NoBundle,YesPass,59,46.74
Park,NoBundle,YesPass,26,77.16
Park,NoBundle,YesPass,23,100.51
Park,NoBundle,YesPass,51,41.99
Park,NoBundle,YesPass,54,69.93
Park,NoBundle,YesPass,54,49.53
Park,NoBundle,YesPass,48,77.6
Park,NoBundle,YesPass,32,95.23
Park,NoBundle,YesPass,66,55.13
Park,NoBundle,YesPass,74,83.01
Park,NoBundle,YesPass,24,62.66
Park,NoBundle,YesPass,35,51.55
Park,NoBundle,YesPass,48,57.75
Park,NoBundle,YesPass,42,86.15
Park,NoBundle,YesPass,68,72.7
Park,NoBundle,YesPass,73,63.56
Park,NoBundle,YesPass,58,61.91
Park,NoBundle,YesPass,41,53.69
Park,NoBundle,YesPass,27,76.98
Park,NoBundle,YesPass,61,104.51
Park,NoBundle,YesPass,67,62.04
Park,NoBundle,YesPass,73,46.09
Park,NoBundle,YesPass,31,72.12
Park,NoBundle,YesPass,54,74.94
Park,NoBundle,YesPass,22,84.94
Park,NoBundle,YesPass,73,42.92
Park,NoBundle,YesPass,22,70.54
Park,NoBundle,YesPass,63,49.53
Park,NoBundle,YesPass,63,90.44
Park,NoBundle,YesPass,44,79.04
Park,NoBundle,YesPass,66,61.65
Park,NoBundle,YesPass,21,42.77
Park,NoBundle,YesPass,69,100.19
Park,NoBundle,YesPass,38,62.42
Park,NoBundle,YesPass,61,81.81
Park,NoBundle,YesPass,25,29.86
Park,NoBundle,YesPass,69,67.59
Park,NoBundle,YesPass,26,79.43
Park,NoBundle,YesPass,71,25.34
Park,NoBundle,YesPass,35,70.18
Park,NoBundle,YesPass,49,88.53
Park,NoBundle,YesPass,57,38.05
Park,NoBundle,YesPass,54,62.74
Park,NoBundle,YesPass,50,58.71
Park,NoBundle,YesPass,73,53.54
Park,NoBundle,YesPass,52,53.6
Park,NoBundle,YesPass,47,48.6
Park,NoBundle,YesPass,22,50.94
Park,NoBundle,YesPass,31,63.87
Park,NoBundle,YesPass,44,66.43
Park,NoBundle,YesPass,72,40.54
Park,NoBundle,YesPass,48,53.98
Park,NoBundle,YesPass,20,66.83
Park,NoBundle,YesPass,30,86.87
Park,NoBundle,YesPass,51,87.08
Park,NoBundle,YesPass,26,64.49
Park,NoBundle,YesPass,71,67.09
Park,NoBundle,YesPass,29,39.14
Park,NoBundle,YesPass,61,66.37
Park,NoBundle,YesPass,61,30.53
Park,NoBundle,YesPass,53,57.95
Park,NoBundle,YesPass,51,41.11
Park,NoBundle,YesPass,46,51.09
Park,NoBundle,YesPass,29,67.46
Park,NoBundle,YesPass,33,68.72
Park,NoBundle,YesPass,44,87.82
Park,NoBundle,YesPass,50,68.94
Park,NoBundle,YesPass,68,55.6
Park,NoBundle,YesPass,60,76.51
Park,NoBundle,YesPass,75,34.51
Park,NoBundle,YesPass,50,95.37
Park,NoBundle,YesPass,44,25.96
Park,NoBundle,YesPass,62,76.84
Park,NoBundle,YesPass,46,74.69
Park,NoBundle,YesPass,74,54.24
Park,NoBundle,YesPass,49,56.7
Park,NoBundle,YesPass,55,37.75
Email,NoBundle,YesPass,72,86.74
Email,NoBundle,YesPass,59,94.56
Email,NoBundle,YesPass,39,74.95
Email,NoBundle,YesPass,67,92.48
Email,NoBundle,YesPass,71,97.15
Email,NoBundle,YesPass,50,70.86
Email,NoBundle,YesPass,66,100.16
Email,NoBundle,YesPass,34,93.04
Email,NoBundle,YesPass,46,86.08
Email,NoBundle,YesPass,64,98.66
Email,NoBundle,YesPass,29,90.41
Email,NoBundle,YesPass,65,71.68
Email,NoBundle,YesPass,71,73.14
Email,NoBundle,YesPass,74,88.82
Email,NoBundle,YesPass,26,104.71
Email,NoBundle,YesPass,19,88.0
Email,NoBundle,YesPass,39,77.67
Email,NoBundle,YesPass,47,85.51
Email,NoBundle,YesPass,48,63.58
Email,NoBundle,YesPass,21,105.37
Email,NoBundle,YesPass,56,110.19
Email,NoBundle,YesPass,46,114.75
Email,NoBundle,YesPass,38,100.68
Email,NoBundle,YesPass,45,72.52
Email,NoBundle,YesPass,50,82.31
Email,NoBundle,YesPass,30,77.5
Email,NoBundle,YesPass,61,92.35
Mail,Bundle,NoPass,75,53.8
Mail,Bundle,NoPass,38,5.0
Mail,Bundle,NoPass,61,36.94
Mail,Bundle,NoPass,21,34.06
Mail,Bundle,NoPass,40,34.6
Mail,Bundle,NoPass,50,41.5
Mail,Bundle,NoPass,64,13.95
Mail,Bundle,NoPass,36,46.42
Mail,Bundle,NoPass,32,35.33
Mail,Bundle,NoPass,68,25.91
Mail,Bundle,NoPass,34,29.92
Mail,Bundle,NoPass,30,21.82
Mail,Bundle,NoPass,63,31.18
Mail,Bundle,NoPass,23,40.02
Mail,Bundle,NoPass,58,6.6
Mail,Bundle,NoPass,45,23.38
Mail,Bundle,NoPass,63,21.19
Mail,Bundle,NoPass,67,28.93
Mail,Bundle,NoPass,40,24.48
Mail,Bundle,NoPass,32,5.0
Mail,Bundle,NoPass,28,37.85
Mail,Bundle,NoPass,59,50.88
Mail,Bundle,NoPass,43,17.03
Mail,Bundle,NoPass,64,32.47
Mail,Bundle,NoPass,60,17.19
Mail,Bundle,NoPass,75,33.1
Mail,Bundle,NoPass,67,25.73
Mail,Bundle,NoPass,71,49.15
Mail,Bundle,NoPass,70,19.6
Mail,Bundle,NoPass,70,41.04
Mail,Bundle,NoPass,75,16.7
Mail,Bundle,NoPass,39,19.93
Mail,Bundle,NoPass,36,31.52
Mail,Bundle,NoPass,52,5.0
Mail,Bundle,NoPass,66,13.73
Mail,Bundle,NoPass,28,44.37
Mail,Bundle,NoPass,75,17.29
Mail,Bundle,NoPass,35,5.47
Mail,Bundle,NoPass,34,5.0
Mail,Bundle,NoPass,41,30.96
Mail,Bundle,NoPass,18,19.5
Mail,Bundle,NoPass,40,30.38
Mail,Bundle,NoPass,26,5.0
Mail,Bundle,NoPass,64,15.07
Mail,Bundle,NoPass,63,15.38
Mail,Bundle,NoPass,54,42.79
Mail,Bundle,NoPass,64,45.03
Mail,Bundle,NoPass,27,41.03
Mail,Bundle,NoPass,33,5.0
Mail,Bundle,NoPass,69,44.31
Mail,Bundle,NoPass,72,50.64
Mail,Bundle,NoPass,33,14.82
Mail,Bundle,NoPass,31,34.06
Mail,Bundle,NoPass,24,36.68
Mail,Bundle,NoPass,60,21.63
Mail,Bundle,NoPass,56,31.38
Mail,Bundle,NoPass,28,14.58
Mail,Bundle,NoPass,53,31.87
Mail,Bundle,NoPass,61,26.73
Mail,Bundle,NoPass,35,33.85
Mail,Bundle,NoPass,20,63.06
Mail,Bundle,NoPass,30,10.17
Mail,Bundle,NoPass,52,50.41
Mail,Bundle,NoPass,48,30.88
Mail,Bundle,NoPass,38,29.47
Mail,Bundle,NoPass,50,5.0
Mail,Bundle,NoPass,56,46.72
Mail,Bundle,NoPass,73,8.45
Mail,Bundle,NoPass,69,12.31
Mail,Bundle,NoPass,57,24.4
Mail,Bundle,NoPass,36,23.44
Mail,Bundle,NoPass,41,13.73
Mail,Bundle,NoPass,73,55.42
Mail,Bundle,NoPass,37,41.39
Mail,Bundle,NoPass,44,72.73
Mail,Bundle,NoPass,75,16.07
Mail,Bundle,NoPass,41,15.29
Mail,Bundle,NoPass,63,64.88
Mail,Bundle,NoPass,29,6.78
Mail,Bundle,NoPass,41,34.68
Mail,Bundle,NoPass,21,24.24
Mail,Bundle,NoPass,66,25.09
Mail,Bundle,NoPass,21,5.0
Mail,Bundle,NoPass,65,17.6
Mail,Bundle,NoPass,67,65.11
Mail,Bundle,NoPass,27,32.79
Mail,Bundle,NoPass,18,57.14
Mail,Bundle,NoPass,73,18.63
Mail,Bundle,NoPass,55,32.49
Mail,Bundle,NoPass,51,41.73
Mail,Bundle,NoPass,53,41.47
Mail,Bundle,NoPass,61,26.67
Mail,Bundle,NoPass,52,31.31
Mail,Bundle,NoPass,62,49.79
Mail,Bundle,NoPass,44,35.89
Mail,Bundle,NoPass,19,5.0
Mail,Bundle,NoPass,21,19.15
Mail,Bundle,NoPass,61,10.22
Mail,Bundle,NoPass,29,5.0
Mail,Bundle,NoPass,23,44.67
Mail,Bundle,NoPass,58,49.41
Mail,Bundle,NoPass,27,16.25
Mail,Bundle,NoPass,69,24.42
Mail,Bundle,NoPass,36,65.78
Mail,Bundle,NoPass,45,27.3
Mail,Bundle,NoPass,43,28.59
Mail,Bundle,NoPass,40,35.77
Mail,Bundle,NoPass,53,53.61
Mail,Bundle,NoPass,66,39.22
Mail,Bundle,NoPass,32,49.49
Mail,Bundle,NoPass,20,12.81
Mail,Bundle,NoPass,60,45.73
Mail,Bundle,NoPass,52,28.69
Mail,Bundle,NoPass,44,15.78
Mail,Bundle,NoPass,74,40.2
Mail,Bundle,NoPass,37,75.97
Mail,Bundle,NoPass,42,34.2
Mail,Bundle,NoPass,67,48.88
Mail,Bundle,NoPass,35,25.57
Mail,Bundle,NoPass,75,5.0
Mail,Bundle,NoPass,39,40.17
Mail,Bundle,NoPass,60,12.2
Mail,Bundle,NoPass,51,26.31
Mail,Bundle,NoPass,63,65.66
Mail,Bundle,NoPass,69,5.0
Mail,Bundle,NoPass,27,36.82
Mail,Bundle,NoPass,60,39.61
Mail,Bundle,NoPass,42,36.15
Mail,Bundle,NoPass,37,19.82
Mail,Bundle,NoPass,62,33.74
Mail,Bundle,NoPass,40,13.23
Mail,Bundle,NoPass,27,58.27
Mail,Bundle,NoPass,54,33.3
Mail,Bundle,NoPass,72,54.08
Mail,Bundle,NoPass,54,25.18
Mail,Bundle,NoPass,36,46.04
Mail,Bundle,NoPass,24,42.84
Mail,Bundle,NoPass,33,9.84
Mail,Bundle,NoPass,51,58.95
Mail,Bundle,NoPass,33,79.1
Mail,Bundle,NoPass,61,49.63
Mail,Bundle,NoPass,39,6.27
Mail,Bundle,NoPass,25,15.32
Mail,Bundle,NoPass,55,5.0
Mail,Bundle,NoPass,63,15.87
Mail,Bundle,NoPass,69,62.37
Mail,Bundle,NoPass,26,49.09
Mail,Bundle,NoPass,64,13.12
Mail,Bundle,NoPass,23,7.7
Mail,Bundle,NoPass,72,18.77
Mail,Bundle,NoPass,50,49.97
Mail,Bundle,NoPass,27,39.33
Mail,Bundle,NoPass,63,57.37
Mail,Bundle,NoPass,64,18.89
Mail,Bundle,NoPass,53,32.69
Mail,Bundle,NoPass,44,17.64
Mail,Bundle,NoPass,53,26.92
Mail,Bundle,NoPass,62,24.89
Mail,Bundle,NoPass,23,25.14
Mail,Bundle,NoPass,18,41.09
Mail,Bundle,NoPass,51,21.97
Mail,Bundle,NoPass,66,27.92
Mail,Bundle,NoPass,47,14.48
Mail,Bundle,NoPass,19,52.22
Mail,Bundle,NoPass,18,61.55
Mail,Bundle,NoPass,53,65.77
Mail,Bundle,NoPass,62,45.24
Mail,Bundle,NoPass,49,29.95
Mail,Bundle,NoPass,30,13.85
Mail,Bundle,NoPass,33,11.65
Mail,Bundle,NoPass,44,29.23
Mail,Bundle,NoPass,26,8.3
Mail,Bundle,NoPass,44,44.35
Mail,Bundle,NoPass,27,35.17
Mail,Bundle,NoPass,57,6.5
Mail,Bundle,NoPass,60,26.76
Mail,Bundle,NoPass,68,45.96
Mail,Bundle,NoPass,29,51.49
Mail,Bundle,NoPass,63,34.66
Mail,Bundle,NoPass,65,42.25
Mail,Bundle,NoPass,30,36.67
Mail,Bundle,NoPass,69,22.77
Mail,Bundle,NoPass,31,33.63
Mail,Bundle,NoPass,34,33.22
Mail,Bundle,NoPass,42,20.55
Mail,Bundle,NoPass,65,35.45
Mail,Bundle,NoPass,39,30.65
Mail,Bundle,NoPass,64,37.89
Mail,Bundle,NoPass,59,31.27
Mail,Bundle,NoPass,51,30.88
Mail,Bundle,NoPass,49,5.0
Mail,Bundle,NoPass,46,73.22
Mail,Bundle,NoPass,44,43.99
Mail,Bundle,NoPass,35,38.9
Mail,Bundle,NoPass,53,62.67
Mail,Bundle,NoPass,21,48.96
Mail,Bundle,NoPass,40,39.68
Mail,Bundle,NoPass,43,42.9
Mail,Bundle,NoPass,67,61.01
Mail,Bundle,NoPass,69,35.86
Mail,Bundle,NoPass,61,7.0
Mail,Bundle,NoPass,28,5.0
Mail,Bundle,NoPass,64,55.94
Mail,Bundle,NoPass,63,27.61
Mail,Bundle,NoPass,75,40.81
Mail,Bundle,NoPass,53,29.62
Mail,Bundle,NoPass,57,39.18
Mail,Bundle,NoPass,36,16.0
Mail,Bundle,NoPass,55,39.56
Mail,Bundle,NoPass,47,5.0
Mail,Bundle,NoPass,62,26.19
Mail,Bundle,NoPass,21,6.82
Mail,Bundle,NoPass,54,31.14
Mail,Bundle,NoPass,52,32.74
Mail,Bundle,NoPass,73,28.27
Mail,Bundle,NoPass,75,33.67
Mail,Bundle,NoPass,41,5.0
Mail,Bundle,NoPass,48,11.61
Mail,Bundle,NoPass,39,27.04
Mail,Bundle,NoPass,20,37.74
Mail,Bundle,NoPass,22,35.47
Mail,Bundle,NoPass,23,5.0
Mail,Bundle,NoPass,72,54.07
Mail,Bundle,NoPass,41,28.7
Mail,Bundle,NoPass,22,59.68
Mail,Bundle,NoPass,33,42.84
Mail,Bundle,NoPass,70,51.39
Mail,Bundle,NoPass,61,40.13
Mail,Bundle,NoPass,38,22.3
Mail,Bundle,NoPass,38,25.88
Mail,Bundle,NoPass,75,46.19
Mail,Bundle,NoPass,42,24.12
Mail,Bundle,NoPass,25,5.0
Mail,Bundle,NoPass,56,30.46
Mail,Bundle,NoPass,32,34.8
Mail,Bundle,NoPass,54,38.54
Mail,Bundle,NoPass,63,43.0
Mail,Bundle,NoPass,50,66.37
Mail,Bundle,NoPass,40,5.0
Mail,Bundle,NoPass,53,62.19
Mail,Bundle,NoPass,43,43.3
Mail,Bundle,NoPass,53,30.21
Mail,Bundle,NoPass,29,6.08
Mail,Bundle,NoPass,62,31.66
Mail,Bundle,NoPass,27,41.13
Mail,Bundle,NoPass,34,29.58
Mail,Bundle,NoPass,67,21.94
Mail,Bundle,NoPass,48,19.5
Mail,Bundle,NoPass,52,15.99
Mail,Bundle,NoPass,57,41.79
Mail,Bundle,NoPass,63,40.53
Mail,Bundle,NoPass,22,47.46
Mail,Bundle,NoPass,39,16.26
Mail,Bundle,NoPass,60,54.25
Mail,Bundle,NoPass,46,74.86
Mail,Bundle,NoPass,44,31.98
Mail,Bundle,NoPass,71,50.8
Mail,Bundle,NoPass,74,6.39
Mail,Bundle,NoPass,70,73.0
Mail,Bundle,NoPass,21,41.48
Mail,Bundle,NoPass,52,52.35
Mail,Bundle,NoPass,25,35.45
Mail,Bundle,NoPass,57,5.0
Mail,Bundle,NoPass,32,39.05
Mail,Bundle,NoPass,22,30.04
Mail,Bundle,NoPass,55,46.77
Mail,Bundle,NoPass,37,15.09
Mail,Bundle,NoPass,71,5.0
Mail,Bundle,NoPass,50,28.84
Mail,Bundle,NoPass,23,24.09
Mail,Bundle,NoPass,43,43.28
Mail,Bundle,NoPass,66,14.65
Mail,Bundle,NoPass,35,23.27
Mail,Bundle,NoPass,56,23.45
Mail,Bundle,NoPass,58,16.87
Mail,Bundle,NoPass,35,40.22
Mail,Bundle,NoPass,31,25.07
Mail,Bundle,NoPass,61,21.24
Mail,Bundle,NoPass,70,17.79
Mail,Bundle,NoPass,41,24.63
Mail,Bundle,NoPass,30,57.77
Mail,Bundle,NoPass,48,25.84
Mail,Bundle,NoPass,59,18.28
Mail,Bundle,NoPass,52,32.03
Mail,Bundle,NoPass,46,44.51
Mail,Bundle,NoPass,29,30.3
Mail,Bundle,NoPass,60,37.62
Mail,Bundle,NoPass,50,41.55
Mail,Bundle,NoPass,41,43.76
Mail,Bundle,NoPass,56,34.22
Mail,Bundle,NoPass,38,5.26
Mail,Bundle,NoPass,27,28.05
Mail,Bundle,NoPass,55,18.46
Mail,Bundle,NoPass,33,43.28
Mail,Bundle,NoPass,73,53.23
Mail,Bundle,NoPass,36,23.42
Mail,Bundle,NoPass,57,43.45
Mail,Bundle,NoPass,29,36.87
Mail,Bundle,NoPass,18,26.02
Mail,Bundle,NoPass,75,55.24
Mail,Bundle,NoPass,19,21.88
Mail,Bundle,NoPass,18,17.83
Mail,Bundle,NoPass,30,14.49
Mail,Bundle,NoPass,22,49.04
Mail,Bundle,NoPass,38,16.73
Mail,Bundle,NoPass,61,16.5
Mail,Bundle,NoPass,27,49.33
Mail,Bundle,NoPass,75,36.38
Mail,Bundle,NoPass,73,27.24
Mail,Bundle,NoPass,40,14.74
Mail,Bundle,NoPass,33,34.23
Mail,Bundle,NoPass,23,10.96
Mail,Bundle,NoPass,44,33.52
Mail,Bundle,NoPass,50,32.64
Mail,Bundle,NoPass,26,28.73
Mail,Bundle,NoPass,74,33.41
Mail,Bundle,NoPass,35,40.99
Mail,Bundle,NoPass,52,5.0
Mail,Bundle,NoPass,49,11.24
Mail,Bundle,NoPass,57,42.99
Mail,Bundle,NoPass,42,27.27
Mail,Bundle,NoPass,67,45.22
Mail,Bundle,NoPass,23,60.42
Mail,Bundle,NoPass,55,57.85
Mail,Bundle,NoPass,61,47.75
Mail,Bundle,NoPass,63,31.88
Mail,Bundle,NoPass,74,51.32
Mail,Bundle,NoPass,71,19.4
Mail,Bundle,NoPass,31,33.67
Mail,Bundle,NoPass,39,25.56
Mail,Bundle,NoPass,30,21.79
Mail,Bundle,NoPass,24,16.97
Mail,Bundle,NoPass,61,37.78
Mail,Bundle,NoPass,71,5.0
Mail,Bundle,NoPass,44,5.0
Mail,Bundle,NoPass,70,48.03
Mail,Bundle,NoPass,20,37.42
Mail,Bundle,NoPass,62,44.88
Mail,Bundle,NoPass,20,28.01
Mail,Bundle,NoPass,54,38.58
Mail,Bundle,NoPass,74,21.34
Mail,Bundle,NoPass,40,20.82
Mail,Bundle,NoPass,59,10.12
Mail,Bundle,NoPass,63,62.13
Mail,Bundle,NoPass,47,12.97
Mail,Bundle,NoPass,42,58.19
Mail,Bundle,NoPass,27,8.49
Mail,Bundle,NoPass,58,13.95
Mail,Bundle,NoPass,70,51.89
Mail,Bundle,NoPass,39,40.46
Mail,Bundle,NoPass,39,37.46
Mail,Bundle,NoPass,28,13.51
Mail,Bundle,NoPass,37,47.34
Mail,Bundle,NoPass,54,14.71
Mail,Bundle,NoPass,63,35.49
Mail,Bundle,NoPass,72,17.2
Mail,Bundle,NoPass,65,57.73
Mail,Bundle,NoPass,47,37.21
Mail,Bundle,NoPass,19,54.08
Mail,Bundle,NoPass,29,27.31
Mail,Bundle,NoPass,49,17.34
Mail,Bundle,NoPass,54,5.64
Mail,Bundle,NoPass,38,34.59
Mail,Bundle,NoPass,51,51.37
Mail,Bundle,NoPass,74,39.61
Mail,Bundle,NoPass,61,17.36
Mail,Bundle,NoPass,36,22.03
Mail,Bundle,NoPass,74,22.04
Mail,Bundle,NoPass,35,29.54
Mail,Bundle,NoPass,26,42.5
Mail,Bundle,NoPass,56,32.54
Mail,Bundle,NoPass,60,42.8
Mail,Bundle,NoPass,70,37.97
Mail,Bundle,NoPass,23,11.88
Mail,Bundle,NoPass,55,31.73
Mail,Bundle,NoPass,73,12.15
Mail,Bundle,NoPass,50,31.77
Mail,Bundle,NoPass,68,37.86
Mail,Bundle,NoPass,25,16.14
Mail,Bundle,NoPass,18,6.46
Mail,Bundle,NoPass,32,33.86
Mail,Bundle,NoPass,70,27.96
Mail,Bundle,NoPass,64,50.9
Mail,Bundle,NoPass,60,18.38
Mail,Bundle,NoPass,25,59.35
Mail,Bundle,NoPass,72,41.84
Mail,Bundle,NoPass,72,5.0
Mail,Bundle,NoPass,39,18.05
Mail,Bundle,NoPass,72,30.63
Mail,Bundle,NoPass,32,27.96
Mail,Bundle,NoPass,55,14.21
Mail,Bundle,NoPass,47,5.0
Mail,Bundle,NoPass,35,24.55
Mail,Bundle,NoPass,29,26.06
Mail,Bundle,NoPass,71,40.36
Mail,Bundle,NoPass,67,33.5
Mail,Bundle,NoPass,64,10.84
Mail,Bundle,NoPass,38,43.96
Mail,Bundle,NoPass,60,19.46
Mail,Bundle,NoPass,73,47.19
Mail,Bundle,NoPass,26,21.69
Mail,Bundle,NoPass,63,20.25
Mail,Bundle,NoPass,53,29.94
Mail,Bundle,NoPass,45,43.83
Mail,Bundle,NoPass,65,34.73
Mail,Bundle,NoPass,52,6.84
Mail,Bundle,NoPass,31,47.44
Mail,Bundle,NoPass,57,18.09
Mail,Bundle,NoPass,32,5.0
Mail,Bundle,NoPass,39,5.0
Mail,Bundle,NoPass,43,53.36
Mail,Bundle,NoPass,47,57.31
Mail,Bundle,NoPass,64,20.31
Mail,Bundle,NoPass,32,24.84
Mail,Bundle,NoPass,23,29.08
Mail,Bundle,NoPass,57,7.5
Mail,Bundle,NoPass,58,32.42
Mail,Bundle,NoPass,26,39.91
Mail,Bundle,NoPass,51,22.44
Mail,Bundle,NoPass,46,34.31
Mail,Bundle,NoPass,59,22.59
Mail,Bundle,NoPass,22,48.29
Mail,Bundle,NoPass,26,13.56
Mail,Bundle,NoPass,23,21.62
Mail,Bundle,NoPass,73,55.65
Mail,Bundle,NoPass,57,33.3
Mail,Bundle,NoPass,27,73.24
Mail,Bundle,NoPass,18,43.31
Mail,Bundle,NoPass,65,50.91
Mail,Bundle,NoPass,45,41.68
Mail,Bundle,NoPass,18,16.44
Mail,Bundle,NoPass,56,46.84
Mail,Bundle,NoPass,59,12.2
Mail,Bundle,NoPass,41,5.0
Mail,Bundle,NoPass,35,37.03
Mail,Bundle,NoPass,26,47.95
Mail,Bundle,NoPass,39,52.28
Mail,Bundle,NoPass,62,37.45
Mail,Bundle,NoPass,69,28.76
Mail,Bundle,NoPass,30,27.56
Mail,Bundle,NoPass,40,39.55
Mail,Bundle,NoPass,44,48.04
Mail,Bundle,NoPass,48,30.49
Mail,Bundle,NoPass,40,41.44
Mail,Bundle,NoPass,53,50.84
Mail,Bundle,NoPass,55,51.62
Mail,Bundle,NoPass,18,51.0
Mail,Bundle,NoPass,18,45.06
Mail,Bundle,NoPass,58,61.18
Park,Bundle,NoPass,64,24.21
Park,Bundle,NoPass,73,70.23
Park,Bundle,NoPass,48,41.4
Park,Bundle,NoPass,41,12.27
Park,Bundle,NoPass,28,42.27
Park,Bundle,NoPass,66,45.8
Park,Bundle,NoPass,24,16.28
Park,Bundle,NoPass,31,40.54
Park,Bundle,NoPass,45,5.0
Park,Bundle,NoPass,49,70.6
Park,Bundle,NoPass,50,35.34
Park,Bundle,NoPass,32,39.92
Park,Bundle,NoPass,32,57.23
Park,Bundle,NoPass,30,40.2
Park,Bundle,NoPass,35,17.37
Park,Bundle,NoPass,54,5.25
Park,Bundle,NoPass,30,51.91
Park,Bundle,NoPass,19,54.38
Park,Bundle,NoPass,55,32.2
Park,Bundle,NoPass,75,5.0
Park,Bundle,NoPass,61,45.87
Park,Bundle,NoPass,58,39.69
Park,Bundle,NoPass,41,51.09
Park,Bundle,NoPass,33,25.72
Park,Bundle,NoPass,55,5.0
Park,Bundle,NoPass,53,30.12
Park,Bundle,NoPass,61,53.9
Park,Bundle,NoPass,21,58.72
Park,Bundle,NoPass,31,33.74
Park,Bundle,NoPass,56,29.87
Park,Bundle,NoPass,70,7.47
Park,Bundle,NoPass,66,61.4
Park,Bundle,NoPass,61,31.83
Park,Bundle,NoPass,64,27.09
Park,Bundle,NoPass,72,23.89
Park,Bundle,NoPass,25,32.8
Park,Bundle,NoPass,63,47.44
Park,Bundle,NoPass,26,33.1
Park,Bundle,NoPass,43,64.24
Park,Bundle,NoPass,56,51.61
Park,Bundle,NoPass,37,46.58
Park,Bundle,NoPass,34,63.26
Park,Bundle,NoPass,31,18.27
Park,Bundle,NoPass,71,42.48
Park,Bundle,NoPass,19,54.2
Park,Bundle,NoPass,51,54.69
Park,Bundle,NoPass,24,32.33
Park,Bundle,NoPass,50,18.39
Park,Bundle,NoPass,60,6.57
Park,Bundle,NoPass,62,48.87
Park,Bundle,NoPass,29,38.46
Park,Bundle,NoPass,69,36.85
Park,Bundle,NoPass,37,43.18
Park,Bundle,NoPass,44,39.1
Park,Bundle,NoPass,70,30.88
Park,Bundle,NoPass,50,53.49
Park,Bundle,NoPass,66,15.81
Park,Bundle,NoPass,22,19.82
Park,Bundle,NoPass,66,16.55
Park,Bundle,NoPass,71,33.84
Park,Bundle,NoPass,25,51.21
Park,Bundle,NoPass,69,26.27
Park,Bundle,NoPass,50,42.62
Park,Bundle,NoPass,21,56.86
Park,Bundle,NoPass,60,71.8
Park,Bundle,NoPass,38,55.37
Park,Bundle,NoPass,31,31.07
Park,Bundle,NoPass,69,13.28
Park,Bundle,NoPass,34,5.0
Park,Bundle,NoPass,52,29.65
Park,Bundle,NoPass,35,42.15
Park,Bundle,NoPass,36,32.37
Park,Bundle,NoPass,50,75.15
Park,Bundle,NoPass,38,17.08
Park,Bundle,NoPass,47,29.25
Park,Bundle,NoPass,56,5.0
Park,Bundle,NoPass,48,60.86
Park,Bundle,NoPass,57,29.28
Park,Bundle,NoPass,65,7.62
Park,Bundle,NoPass,26,37.04
Park,Bundle,NoPass,24,66.17
Park,Bundle,NoPass,43,75.37
Park,Bundle,NoPass,59,35.51
Park,Bundle,NoPass,66,51.22
Park,Bundle,NoPass,44,32.35
Park,Bundle,NoPass,66,35.97
Park,Bundle,NoPass,28,30.61
Park,Bundle,NoPass,58,68.11
Park,Bundle,NoPass,57,27.36
Park,Bundle,NoPass,64,5.0
Park,Bundle,NoPass,18,19.7
Park,Bundle,NoPass,57,28.9
Park,Bundle,NoPass,48,43.03
Park,Bundle,NoPass,66,29.78
Park,Bundle,NoPass,66,43.33
Park,Bundle,NoPass,38,43.64
Park,Bundle,NoPass,50,33.22
Park,Bundle,NoPass,22,51.94
Park,Bundle,NoPass,24,23.29
Park,Bundle,NoPass,23,21.61
Park,Bundle,NoPass,54,56.67
Park,Bundle,NoPass,52,41.0
Park,Bundle,NoPass,71,5.0
Park,Bundle,NoPass,18,31.85
Park,Bundle,NoPass,66,49.81
Park,Bundle,NoPass,66,66.2
Park,Bundle,NoPass,26,52.04
Park,Bundle,NoPass,29,45.68
Park,Bundle,NoPass,65,58.34
Park,Bundle,NoPass,65,58.0
Park,Bundle,NoPass,65,60.46
Park,Bundle,NoPass,38,19.57
Park,Bundle,NoPass,64,38.31
Park,Bundle,NoPass,24,12.88
Park,Bundle,NoPass,75,58.88
Park,Bundle,NoPass,39,27.84
Park,Bundle,NoPass,28,21.67
Park,Bundle,NoPass,18,72.19
Park,Bundle,NoPass,61,20.46
Park,Bundle,NoPass,29,32.58
Park,Bundle,NoPass,18,39.68
Park,Bundle,NoPass,26,36.38
Park,Bundle,NoPass,43,59.94
Park,Bundle,NoPass,74,50.47
Park,Bundle,NoPass,52,21.81
Park,Bundle,NoPass,43,53.81
Park,Bundle,NoPass,49,34.51
Park,Bundle,NoPass,49,29.41
Park,Bundle,NoPass,27,50.02
Park,Bundle,NoPass,21,47.2
Park,Bundle,NoPass,27,41.9
Park,Bundle,NoPass,21,24.27
Park,Bundle,NoPass,60,40.93
Park,Bundle,NoPass,52,17.79
Park,Bundle,NoPass,60,52.91
Park,Bundle,NoPass,37,34.18
Park,Bundle,NoPass,47,37.7
Park,Bundle,NoPass,35,51.66
Park,Bundle,NoPass,54,35.75
Park,Bundle,NoPass,27,47.77
Park,Bundle,NoPass,21,26.5
Park,Bundle,NoPass,61,44.25
Park,Bundle,NoPass,30,55.77
Park,Bundle,NoPass,72,6.38
Park,Bundle,NoPass,34,31.16
Park,Bundle,NoPass,39,40.94
Park,Bundle,NoPass,62,36.15
Park,Bundle,NoPass,39,47.46
Park,Bundle,NoPass,29,59.63
Park,Bundle,NoPass,34,40.77
Park,Bundle,NoPass,63,47.34
Park,Bundle,NoPass,28,46.47
Park,Bundle,NoPass,44,56.97
Park,Bundle,NoPass,36,52.66
Park,Bundle,NoPass,41,66.13
Park,Bundle,NoPass,65,58.88
Park,Bundle,NoPass,54,28.57
Park,Bundle,NoPass,22,44.1
Park,Bundle,NoPass,58,56.7
Park,Bundle,NoPass,65,41.85
Park,Bundle,NoPass,55,5.0
Park,Bundle,NoPass,21,71.5
Park,Bundle,NoPass,47,47.32
Park,Bundle,NoPass,49,44.69
Park,Bundle,NoPass,19,45.32
Park,Bundle,NoPass,62,24.97
Park,Bundle,NoPass,26,39.98
Park,Bundle,NoPass,37,33.24
Park,Bundle,NoPass,36,24.82
Park,Bundle,NoPass,68,42.13
Park,Bundle,NoPass,72,46.82
Park,Bundle,NoPass,62,59.3
Park,Bundle,NoPass,38,44.74
Park,Bundle,NoPass,55,37.24
Park,Bundle,NoPass,55,50.17
Park,Bundle,NoPass,38,58.94
Park,Bundle,NoPass,32,57.47
Park,Bundle,NoPass,25,35.88
Park,Bundle,NoPass,44,41.62
Park,Bundle,NoPass,52,34.89
Park,Bundle,NoPass,59,78.36
Park,Bundle,NoPass,29,57.77
Park,Bundle,NoPass,55,61.99
Park,Bundle,NoPass,68,22.47
Park,Bundle,NoPass,62,46.77
Park,Bundle,NoPass,68,65.28
Park,Bundle,NoPass,64,17.66
Park,Bundle,NoPass,46,38.44
Park,Bundle,NoPass,75,5.8
Park,Bundle,NoPass,58,94.18
Park,Bundle,NoPass,44,44.44
Park,Bundle,NoPass,60,31.17
Park,Bundle,NoPass,72,56.36
Park,Bundle,NoPass,37,33.26
Park,Bundle,NoPass,18,52.03
Park,Bundle,NoPass,26,32.08
Park,Bundle,NoPass,60,60.95
Park,Bundle,NoPass,42,28.66
Park,Bundle,NoPass,19,43.12
Park,Bundle,NoPass,47,22.25
Park,Bundle,NoPass,70,43.42
Park,Bundle,NoPass,58,38.4
Park,Bundle,NoPass,72,17.9
Park,Bundle,NoPass,57,72.85
Park,Bundle,NoPass,21,36.91
Park,Bundle,NoPass,21,40.32
Park,Bundle,NoPass,64,57.25
Park,Bundle,NoPass,71,23.34
Park,Bundle,NoPass,49,21.0
Park,Bundle,NoPass,29,28.64
Park,Bundle,NoPass,67,59.64
Park,Bundle,NoPass,31,22.89
Park,Bundle,NoPass,63,87.16
Park,Bundle,NoPass,23,44.86
Park,Bundle,NoPass,43,47.4
Park,Bundle,NoPass,46,49.24
Park,Bundle,NoPass,50,29.39
Park,Bundle,NoPass,71,40.12
Park,Bundle,NoPass,54,29.87
Park,Bundle,NoPass,56,39.06
Park,Bundle,NoPass,65,36.52
Park,Bundle,NoPass,46,66.33
Park,Bundle,NoPass,59,44.37
Email,Bundle,NoPass,67,61.2
Email,Bundle,NoPass,19,57.9
Email,Bundle,NoPass,73,47.49
Email,Bundle,NoPass,68,44.18
Email,Bundle,NoPass,50,56.88
Email,Bundle,NoPass,55,82.95
Email,Bundle,NoPass,63,69.52
Email,Bundle,NoPass,53,49.64
Email,Bundle,NoPass,75,46.73
Email,Bundle,NoPass,55,55.22
Email,Bundle,NoPass,19,79.03
Email,Bundle,NoPass,34,78.62
Email,Bundle,NoPass,51,53.57
Email,Bundle,NoPass,54,49.65
Email,Bundle,NoPass,57,69.25
Email,Bundle,NoPass,60,46.87
Email,Bundle,NoPass,49,56.06
Email,Bundle,NoPass,23,89.13
Email,Bundle,NoPass,35,49.13
Email,Bundle,NoPass,49,62.56
Email,Bundle,NoPass,33,60.17
Email,Bundle,NoPass,45,76.72
Email,Bundle,NoPass,69,64.85
Email,Bundle,NoPass,33,35.25
Email,Bundle,NoPass,69,41.72
Email,Bundle,NoPass,74,70.38
Email,Bundle,NoPass,25,59.36
Email,Bundle,NoPass,70,51.73
Email,Bundle,NoPass,61,36.28
Email,Bundle,NoPass,40,65.02
Email,Bundle,NoPass,58,52.16
Email,Bundle,NoPass,24,72.74
Email,Bundle,NoPass,44,66.0
Email,Bundle,NoPass,39,44.17
Email,Bundle,NoPass,41,37.79
Email,Bundle,NoPass,65,50.3
Email,Bundle,NoPass,36,66.71
Email,Bundle,NoPass,51,72.63
Email,Bundle,NoPass,59,25.79
Email,Bundle,NoPass,63,84.46
Email,Bundle,NoPass,44,64.8
Email,Bundle,NoPass,63,54.35
Email,Bundle,NoPass,57,25.16
Email,Bundle,NoPass,28,41.67
Email,Bundle,NoPass,58,80.77
Email,Bundle,NoPass,38,61.22
Email,Bundle,NoPass,74,61.75
Email,Bundle,NoPass,64,53.96
Email,Bundle,NoPass,57,51.18
Email,Bundle,NoPass,58,54.09
Email,Bundle,NoPass,22,75.87
Email,Bundle,NoPass,65,75.31
Email,Bundle,NoPass,30,71.4
Email,Bundle,NoPass,61,55.85
Email,Bundle,NoPass,52,67.23
Email,Bundle,NoPass,75,87.92
Email,Bundle,NoPass,19,75.78
Email,Bundle,NoPass,56,84.49
Email,Bundle,NoPass,44,35.58
Email,Bundle,NoPass,50,25.25
Email,Bundle,NoPass,35,74.76
Email,Bundle,NoPass,57,57.88
Email,Bundle,NoPass,28,5.0
Email,Bundle,NoPass,26,74.07
Email,Bundle,NoPass,20,80.33
Email,Bundle,NoPass,23,66.37
Email,Bundle,NoPass,18,63.05
Email,Bundle,NoPass,38,33.12
Email,Bundle,NoPass,27,79.97
Email,Bundle,NoPass,57,105.89
Email,Bundle,NoPass,72,107.17
Email,Bundle,NoPass,75,61.36
Email,Bundle,NoPass,36,63.32
Email,Bundle,NoPass,69,74.74
Email,Bundle,NoPass,72,39.89
Email,Bundle,NoPass,52,50.89
Email,Bundle,NoPass,23,73.31
Email,Bundle,NoPass,21,65.75
Email,Bundle,NoPass,53,51.05
Email,Bundle,NoPass,53,59.01
Email,Bundle,NoPass,48,38.82
Email,Bundle,NoPass,51,53.63
Email,Bundle,NoPass,54,80.95
Mail,NoBundle,NoPass,39,19.33
Mail,NoBundle,NoPass,67,17.55
Mail,NoBundle,NoPass,60,22.97
Mail,NoBundle,NoPass,40,9.13
Mail,NoBundle,NoPass,60,42.74
Mail,NoBundle,NoPass,56,5.0
Mail,NoBundle,NoPass,35,13.71
Mail,NoBundle,NoPass,30,35.14
Mail,NoBundle,NoPass,35,5.0
Mail,NoBundle,NoPass,63,58.07
Mail,NoBundle,NoPass,26,54.68
Mail,NoBundle,NoPass,48,31.51
Mail,NoBundle,NoPass,73,53.18
Mail,NoBundle,NoPass,22,36.19
Mail,NoBundle,NoPass,49,42.29
Mail,NoBundle,NoPass,34,51.71
Mail,NoBundle,NoPass,66,71.04
Mail,NoBundle,NoPass,25,35.55
Mail,NoBundle,NoPass,52,74.29
Mail,NoBundle,NoPass,61,51.62
Mail,NoBundle,NoPass,25,60.71
Mail,NoBundle,NoPass,41,32.41
Mail,NoBundle,NoPass,26,38.7
Mail,NoBundle,NoPass,48,72.43
Mail,NoBundle,NoPass,18,20.61
Mail,NoBundle,NoPass,53,9.91
Mail,NoBundle,NoPass,35,73.37
Mail,NoBundle,NoPass,39,5.0
Mail,NoBundle,NoPass,63,48.92
Mail,NoBundle,NoPass,75,18.98
Mail,NoBundle,NoPass,46,27.75
Mail,NoBundle,NoPass,61,5.0
Mail,NoBundle,NoPass,40,27.3
Mail,NoBundle,NoPass,55,6.07
Mail,NoBundle,NoPass,40,29.5
Mail,NoBundle,NoPass,26,38.61
Mail,NoBundle,NoPass,68,5.0
Mail,NoBundle,NoPass,39,48.3
Mail,NoBundle,NoPass,38,47.14
Mail,NoBundle,NoPass,39,5.0
Mail,NoBundle,NoPass,64,21.31
Mail,NoBundle,NoPass,58,16.19
Mail,NoBundle,NoPass,28,95.18
Mail,NoBundle,NoPass,22,30.58
Mail,NoBundle,NoPass,54,5.0
Mail,NoBundle,NoPass,26,33.64
Mail,NoBundle,NoPass,27,6.51
Mail,NoBundle,NoPass,64,16.51
Mail,NoBundle,NoPass,60,54.49
Mail,NoBundle,NoPass,40,30.29
Mail,NoBundle,NoPass,60,32.51
Mail,NoBundle,NoPass,35,50.68
Mail,NoBundle,NoPass,45,66.91
Mail,NoBundle,NoPass,24,36.7
Mail,NoBundle,NoPass,65,10.39
Mail,NoBundle,NoPass,22,29.43
Mail,NoBundle,NoPass,72,36.28
Mail,NoBundle,NoPass,42,27.85
Mail,NoBundle,NoPass,35,42.82
Mail,NoBundle,NoPass,44,17.04
Mail,NoBundle,NoPass,54,64.59
Mail,NoBundle,NoPass,74,39.89
Mail,NoBundle,NoPass,73,5.0
Mail,NoBundle,NoPass,56,30.89
Mail,NoBundle,NoPass,74,44.05
Mail,NoBundle,NoPass,30,38.61
Mail,NoBundle,NoPass,19,59.45
Mail,NoBundle,NoPass,57,11.63
Mail,NoBundle,NoPass,72,5.0
Mail,NoBundle,NoPass,18,46.44
Mail,NoBundle,NoPass,69,22.68
Mail,NoBundle,NoPass,61,23.74
Mail,NoBundle,NoPass,61,46.24
Mail,NoBundle,NoPass,36,12.51
Mail,NoBundle,NoPass,65,5.68
Mail,NoBundle,NoPass,57,9.31
Mail,NoBundle,NoPass,65,43.5
Mail,NoBundle,NoPass,73,27.53
Mail,NoBundle,NoPass,48,16.59
Mail,NoBundle,NoPass,75,5.0
Mail,NoBundle,NoPass,37,42.92
Mail,NoBundle,NoPass,50,10.43
Mail,NoBundle,NoPass,71,42.26
Mail,NoBundle,NoPass,22,22.38
Mail,NoBundle,NoPass,32,35.54
Mail,NoBundle,NoPass,21,17.01
Mail,NoBundle,NoPass,58,36.38
Mail,NoBundle,NoPass,33,5.0
Mail,NoBundle,NoPass,27,15.77
Mail,NoBundle,NoPass,23,39.87
Mail,NoBundle,NoPass,60,57.63
Mail,NoBundle,NoPass,34,38.89
Mail,NoBundle,NoPass,72,17.3
Mail,NoBundle,NoPass,69,18.42
Mail,NoBundle,NoPass,37,31.82
Mail,NoBundle,NoPass,35,7.94
Mail,NoBundle,NoPass,69,49.23
Mail,NoBundle,NoPass,37,67.3
Mail,NoBundle,NoPass,51,20.62
Mail,NoBundle,NoPass,66,5.0
Mail,NoBundle,NoPass,67,15.59
Mail,NoBundle,NoPass,62,26.37
Mail,NoBundle,NoPass,53,19.69
Mail,NoBundle,NoPass,36,52.86
Mail,NoBundle,NoPass,32,48.74
Mail,NoBundle,NoPass,47,14.92
Mail,NoBundle,NoPass,75,52.15
Mail,NoBundle,NoPass,50,61.12
Mail,NoBundle,NoPass,41,5.0
Mail,NoBundle,NoPass,59,25.74
Mail,NoBundle,NoPass,26,32.42
Mail,NoBundle,NoPass,25,56.48
Mail,NoBundle,NoPass,39,5.0
Mail,NoBundle,NoPass,61,24.2
Mail,NoBundle,NoPass,67,17.29
Mail,NoBundle,NoPass,23,13.92
Mail,NoBundle,NoPass,26,26.37
Mail,NoBundle,NoPass,52,43.91
Mail,NoBundle,NoPass,60,41.74
Mail,NoBundle,NoPass,72,54.61
Mail,NoBundle,NoPass,41,20.87
Mail,NoBundle,NoPass,27,32.77
Mail,NoBundle,NoPass,32,39.81
Mail,NoBundle,NoPass,62,56.93
Mail,NoBundle,NoPass,56,13.49
Mail,NoBundle,NoPass,40,30.43
Mail,NoBundle,NoPass,50,12.12
Mail,NoBundle,NoPass,31,37.26
Mail,NoBundle,NoPass,50,5.0
Mail,NoBundle,NoPass,47,8.28
Mail,NoBundle,NoPass,27,30.53
Mail,NoBundle,NoPass,29,9.63
Mail,NoBundle,NoPass,64,35.83
Mail,NoBundle,NoPass,43,14.63
Mail,NoBundle,NoPass,25,5.0
Mail,NoBundle,NoPass,51,16.76
Mail,NoBundle,NoPass,46,49.7
Mail,NoBundle,NoPass,62,37.2
Mail,NoBundle,NoPass,26,40.23
Mail,NoBundle,NoPass,65,5.0
Mail,NoBundle,NoPass,70,20.43
Mail,NoBundle,NoPass,69,40.81
Mail,NoBundle,NoPass,26,25.17
Mail,NoBundle,NoPass,46,44.82
Mail,NoBundle,NoPass,38,39.08
Mail,NoBundle,NoPass,71,19.87
Mail,NoBundle,NoPass,69,47.61
Mail,NoBundle,NoPass,69,57.46
Mail,NoBundle,NoPass,68,43.96
Mail,NoBundle,NoPass,46,41.89
Mail,NoBundle,NoPass,19,8.13
Mail,NoBundle,NoPass,24,32.87
Mail,NoBundle,NoPass,30,35.04
Mail,NoBundle,NoPass,39,12.06
Mail,NoBundle,NoPass,48,23.92
Mail,NoBundle,NoPass,61,18.07
Mail,NoBundle,NoPass,31,52.15
Mail,NoBundle,NoPass,50,11.52
Mail,NoBundle,NoPass,45,33.8
Mail,NoBundle,NoPass,28,29.16
Mail,NoBundle,NoPass,32,39.71
Mail,NoBundle,NoPass,67,29.07
Mail,NoBundle,NoPass,45,13.77
Mail,NoBundle,NoPass,55,34.44
Mail,NoBundle,NoPass,38,65.31
Mail,NoBundle,NoPass,25,38.47
Mail,NoBundle,NoPass,33,48.96
Mail,NoBundle,NoPass,65,5.0
Mail,NoBundle,NoPass,68,62.77
Mail,NoBundle,NoPass,47,51.86
Mail,NoBundle,NoPass,55,28.0
Mail,NoBundle,NoPass,38,42.82
Mail,NoBundle,NoPass,70,61.42
Mail,NoBundle,NoPass,48,28.9
Mail,NoBundle,NoPass,55,10.09
Mail,NoBundle,NoPass,49,44.95
Mail,NoBundle,NoPass,49,25.64
Mail,NoBundle,NoPass,74,39.31
Mail,NoBundle,NoPass,48,24.18
Mail,NoBundle,NoPass,57,5.0
Mail,NoBundle,NoPass,42,21.35
Mail,NoBundle,NoPass,33,39.62
Mail,NoBundle,NoPass,26,9.76
Mail,NoBundle,NoPass,42,59.67
Mail,NoBundle,NoPass,51,5.0
Mail,NoBundle,NoPass,24,13.8
Mail,NoBundle,NoPass,73,34.77
Mail,NoBundle,NoPass,38,33.37
Mail,NoBundle,NoPass,72,44.42
Mail,NoBundle,NoPass,64,32.91
Mail,NoBundle,NoPass,24,59.37
Mail,NoBundle,NoPass,41,21.31
Mail,NoBundle,NoPass,25,40.85
Mail,NoBundle,NoPass,64,17.95
Mail,NoBundle,NoPass,37,51.02
Mail,NoBundle,NoPass,36,26.38
Mail,NoBundle,NoPass,63,24.54
Mail,NoBundle,NoPass,54,29.88
Mail,NoBundle,NoPass,18,13.52
Mail,NoBundle,NoPass,22,23.2
Mail,NoBundle,NoPass,19,5.0
Mail,NoBundle,NoPass,25,24.51
Mail,NoBundle,NoPass,42,28.72
Mail,NoBundle,NoPass,41,41.71
Mail,NoBundle,NoPass,38,22.37
Mail,NoBundle,NoPass,71,6.64
Mail,NoBundle,NoPass,50,29.22
Mail,NoBundle,NoPass,59,19.13
Mail,NoBundle,NoPass,28,13.37
Mail,NoBundle,NoPass,30,61.36
Mail,NoBundle,NoPass,32,25.67
Mail,NoBundle,NoPass,35,82.35
Mail,NoBundle,NoPass,60,23.47
Mail,NoBundle,NoPass,20,10.82
Mail,NoBundle,NoPass,22,25.53
Mail,NoBundle,NoPass,55,15.08
Mail,NoBundle,NoPass,25,43.66
Mail,NoBundle,NoPass,72,20.86
Mail,NoBundle,NoPass,19,30.63
Mail,NoBundle,NoPass,55,44.7
Mail,NoBundle,NoPass,41,28.38
Mail,NoBundle,NoPass,61,33.8
Mail,NoBundle,NoPass,70,19.59
Mail,NoBundle,NoPass,40,47.19
Mail,NoBundle,NoPass,53,60.71
Mail,NoBundle,NoPass,63,26.62
Mail,NoBundle,NoPass,45,12.81
Mail,NoBundle,NoPass,46,32.69
Mail,NoBundle,NoPass,39,61.9
Mail,NoBundle,NoPass,59,26.96
Mail,NoBundle,NoPass,74,57.03
Mail,NoBundle,NoPass,33,14.93
Mail,NoBundle,NoPass,34,27.54
Mail,NoBundle,NoPass,58,49.34
Mail,NoBundle,NoPass,39,35.66
Mail,NoBundle,NoPass,31,22.65
Mail,NoBundle,NoPass,21,62.27
Mail,NoBundle,NoPass,37,30.05
Mail,NoBundle,NoPass,47,32.95
Mail,NoBundle,NoPass,34,26.18
Mail,NoBundle,NoPass,59,15.44
Mail,NoBundle,NoPass,43,34.09
Mail,NoBundle,NoPass,37,53.87
Mail,NoBundle,NoPass,30,28.45
Mail,NoBundle,NoPass,41,53.11
Mail,NoBundle,NoPass,53,15.12
Mail,NoBundle,NoPass,52,34.42
Mail,NoBundle,NoPass,55,42.51
Mail,NoBundle,NoPass,39,39.91
Mail,NoBundle,NoPass,31,27.36
Mail,NoBundle,NoPass,75,5.0
Mail,NoBundle,NoPass,62,27.9
Mail,NoBundle,NoPass,70,46.8
Mail,NoBundle,NoPass,56,42.06
Mail,NoBundle,NoPass,64,28.66
Mail,NoBundle,NoPass,73,55.16
Mail,NoBundle,NoPass,36,11.26
Mail,NoBundle,NoPass,68,38.17
Mail,NoBundle,NoPass,51,60.58
Mail,NoBundle,NoPass,72,59.1
Mail,NoBundle,NoPass,72,66.21
Mail,NoBundle,NoPass,71,8.28
Mail,NoBundle,NoPass,71,23.3
Mail,NoBundle,NoPass,70,33.46
Mail,NoBundle,NoPass,56,45.29
Mail,NoBundle,NoPass,75,9.1
Mail,NoBundle,NoPass,71,35.92
Mail,NoBundle,NoPass,73,15.56
Mail,NoBundle,NoPass,47,28.68
Mail,NoBundle,NoPass,38,5.0
Mail,NoBundle,NoPass,27,41.95
Mail,NoBundle,NoPass,25,5.0
Mail,NoBundle,NoPass,57,37.61
Mail,NoBundle,NoPass,71,7.91
Mail,NoBundle,NoPass,56,16.0
Mail,NoBundle,NoPass,36,41.22
Mail,NoBundle,NoPass,28,35.97
Mail,NoBundle,NoPass,68,7.81
Park,NoBundle,NoPass,20,5.0
Park,NoBundle,NoPass,75,43.8
Park,NoBundle,NoPass,28,44.02
Park,NoBundle,NoPass,54,12.97
Park,NoBundle,NoPass,66,72.56
Park,NoBundle,NoPass,34,56.04
Park,NoBundle,NoPass,21,13.37
Park,NoBundle,NoPass,56,56.3
Park,NoBundle,NoPass,70,15.7
Park,NoBundle,NoPass,67,68.49
Park,NoBundle,NoPass,42,70.72
Park,NoBundle,NoPass,27,72.25
Park,NoBundle,NoPass,29,17.38
Park,NoBundle,NoPass,68,33.89
Park,NoBundle,NoPass,48,17.01
Park,NoBundle,NoPass,59,22.62
Park,NoBundle,NoPass,64,77.4
Park,NoBundle,NoPass,71,42.71
Park,NoBundle,NoPass,34,35.85
Park,NoBundle,NoPass,38,36.87
Park,NoBundle,NoPass,52,25.04
Park,NoBundle,NoPass,70,30.27
Park,NoBundle,NoPass,66,49.65
Park,NoBundle,NoPass,28,34.67
Park,NoBundle,NoPass,69,33.26
Park,NoBundle,NoPass,60,36.79
Park,NoBundle,NoPass,65,42.01
Park,NoBundle,NoPass,71,37.07
Park,NoBundle,NoPass,21,31.15
Park,NoBundle,NoPass,50,32.37
Park,NoBundle,NoPass,19,48.39
Park,NoBundle,NoPass,26,33.95
Park,NoBundle,NoPass,37,36.35
Park,NoBundle,NoPass,73,27.91
Park,NoBundle,NoPass,55,38.48
Park,NoBundle,NoPass,52,49.65
Park,NoBundle,NoPass,22,7.26
Park,NoBundle,NoPass,33,43.6
Park,NoBundle,NoPass,18,51.63
Park,NoBundle,NoPass,71,40.56
Park,NoBundle,NoPass,41,28.88
Park,NoBundle,NoPass,65,57.4
Park,NoBundle,NoPass,20,57.72
Park,NoBundle,NoPass,72,23.79
Park,NoBundle,NoPass,49,48.36
Park,NoBundle,NoPass,55,44.23
Park,NoBundle,NoPass,60,5.0
Park,NoBundle,NoPass,30,46.12
Park,NoBundle,NoPass,45,14.69
Email,NoBundle,NoPass,52,60.55
Email,NoBundle,NoPass,63,33.23
Email,NoBundle,NoPass,47,69.43
Email,NoBundle,NoPass,51,102.72
Email,NoBundle,NoPass,47,48.59
Email,NoBundle,NoPass,36,42.89
Email,NoBundle,NoPass,18,30.88
Email,NoBundle,NoPass,64,41.32
Email,NoBundle,NoPass,32,78.79
Email,NoBundle,NoPass,40,60.79
Email,NoBundle,NoPass,33,28.77
Email,NoBundle,NoPass,58,55.55
Email,NoBundle,NoPass,23,52.96
Email,NoBundle,NoPass,44,70.86
Email,NoBundle,NoPass,39,50.96
Email,NoBundle,NoPass,52,67.11
Email,NoBundle,NoPass,44,58.04
Email,NoBundle,NoPass,30,29.3
Email,NoBundle,NoPass,57,41.04
Email,NoBundle,NoPass,63,83.61
Email,NoBundle,NoPass,48,66.43
Email,NoBundle,NoPass,59,63.35
Email,NoBundle,NoPass,44,59.6
Email,NoBundle,NoPass,49,30.37
Email,NoBundle,NoPass,26,55.01
Email,NoBundle,NoPass,52,67.72
Email,NoBundle,NoPass,31,73.28
Email,NoBundle,NoPass,68,78.94
Email,NoBundle,NoPass,36,67.07
Email,NoBundle,NoPass,28,70.84
Email,NoBundle,NoPass,26,50.07
Email,NoBundle,NoPass,18,85.85
Email,NoBundle,NoPass,32,42.81
Email,NoBundle,NoPass,32,66.4
Email,NoBundle,NoPass,41,55.7
Email,NoBundle,NoPass,19,83.2
Email,NoBundle,NoPass,31,57.97
Email,NoBundle,NoPass,68,73.79
Email,NoBundle,NoPass,32,47.75
Email,NoBundle,NoPass,70,82.1
Email,NoBundle,NoPass,63,77.96
Email,NoBundle,NoPass,22,88.89
Email,NoBundle,NoPass,39,55.53
Email,NoBundle,NoPass,19,77.23
Email,NoBundle,NoPass,40,73.73
Email,NoBundle,NoPass,41,81.81
Email,NoBundle,NoPass,63,74.31
Email,NoBundle,NoPass,38,64.45
Email,NoBundle,NoPass,62,82.17
Email,NoBundle,NoPass,47,12.72
Email,NoBundle,NoPass,59,55.36
Email,NoBundle,NoPass,37,45.76
Email,NoBundle,NoPass,51,82.0
Email,NoBundle,NoPass,19,57.92
Email,NoBundle,NoPass,21,74.78
Email,NoBundle,NoPass,60,64.0
Email,NoBundle,NoPass,67,81.13
Email,NoBundle,NoPass,22,76.32
Email,NoBundle,NoPass,54,61.51
Email,NoBundle,NoPass,24,70.65
Email,NoBundle,NoPass,72,61.64
Email,NoBundle,NoPass,21,53.45
Email,NoBundle,NoPass,28,70.59
Email,NoBundle,NoPass,65,89.65
Email,NoBundle,NoPass,24,77.13
Email,NoBundle,NoPass,27,47.32
Email,NoBundle,NoPass,70,76.9
Email,NoBundle,NoPass,22,47.02
Email,NoBundle,NoPass,36,7.36
Email,NoBundle,NoPass,68,44.11
Email,NoBundle,NoPass,73,64.22
Email,NoBundle,NoPass,25,35.07
Email,NoBundle,NoPass,61,64.6
Email,NoBundle,NoPass,72,82.26
Email,NoBundle,NoPass,31,59.74
Email,NoBundle,NoPass,48,69.06
Email,NoBundle,NoPass,54,56.04
Email,NoBundle,NoPass,38,18.51
Email,NoBundle,NoPass,37,65.51
Email,NoBundle,NoPass,39,47.52
Email,NoBundle,NoPass,65,66.24
Email,NoBundle,NoPass,19,25.7
Email,NoBundle,NoPass,55,64.23
Email,NoBundle,NoPass,48,70.69
Email,NoBundle,NoPass,60,86.15
Email,NoBundle,NoPass,60,65.13
Email,NoBundle,NoPass,34,37.36
Email,NoBundle,NoPass,44,61.72
Email,NoBundle,NoPass,19,26.08
Email,NoBundle,NoPass,45,26.96
Email,NoBundle,NoPass,41,65.67
Email,NoBundle,NoPass,65,71.36
Email,NoBundle,NoPass,59,65.23
Email,NoBundle,NoPass,39,82.87
Email,NoBundle,NoPass,70,75.86
Email,NoBundle,NoPass,47,71.65
Email,NoBundle,NoPass,35,31.65
Email,NoBundle,NoPass,55,48.61
Email,NoBundle,NoPass,44,64.28
Email,NoBundle,NoPass,73,35.11
Email,NoBundle,NoPass,69,39.15
Email,NoBundle,NoPass,18,33.57
Email,NoBundle,NoPass,32,48.94
Email,NoBundle,NoPass,41,64.24
Email,NoBundle,NoPass,57,82.56
Email,NoBundle,NoPass,53,61.82
Email,NoBundle,NoPass,69,54.73
Email,NoBundle,NoPass,27,42.26
Email,NoBundle,NoPass,54,84.73
Email,NoBundle,NoPass,70,65.65
Email,NoBundle,NoPass,24,74.12
Email,NoBundle,NoPass,57,42.31
Email,NoBundle,NoPass,55,38.5
Email,NoBundle,NoPass,20,65.58
Email,NoBundle,NoPass,20,63.05
Email,NoBundle,NoPass,21,83.07
Email,NoBundle,NoPass,34,49.12
Email,NoBundle,NoPass,57,56.63
Email,NoBundle,NoPass,69,51.6
Email,NoBundle,NoPass,57,79.76
Email,NoBundle,NoPass,59,46.46
Email,NoBundle,NoPass,41,75.01
Email,NoBundle,NoPass,30,60.04
Email,NoBundle,NoPass,50,71.01
Email,NoBundle,NoPass,58,85.37
Email,NoBundle,NoPass,68,70.18
Email,NoBundle,NoPass,51,95.71
Email,NoBundle,NoPass,74,67.27
Email,NoBundle,NoPass,64,28.04
Email,NoBundle,NoPass,72,67.65
Email,NoBundle,NoPass,56,57.09
Email,NoBundle,NoPass,31,45.21
Email,NoBundle,NoPass,65,57.19
Email,NoBundle,NoPass,54,44.89
Email,NoBundle,NoPass,60,68.48
Email,NoBundle,NoPass,34,65.84
Email,NoBundle,NoPass,22,76.8
Email,NoBundle,NoPass,74,72.04
Email,NoBundle,NoPass,45,72.33
Email,NoBundle,NoPass,52,35.76
Email,NoBundle,NoPass,21,55.61
Email,NoBundle,NoPass,68,25.46
Email,NoBundle,NoPass,34,71.39
Email,NoBundle,NoPass,18,60.51
Email,NoBundle,NoPass,34,65.47
Email,NoBundle,NoPass,26,58.77
Email,NoBundle,NoPass,45,65.96
Email,NoBundle,NoPass,56,23.7
Email,NoBundle,NoPass,37,66.31
Email,NoBundle,NoPass,28,91.99
Email,NoBundle,NoPass,31,67.19
Email,NoBundle,NoPass,27,52.27
Email,NoBundle,NoPass,67,84.29
Email,NoBundle,NoPass,47,66.29
Email,NoBundle,NoPass,21,67.12
Email,NoBundle,NoPass,42,96.1
Email,NoBundle,NoPass,44,68.75
Email,NoBundle,NoPass,59,48.68
Email,NoBundle,NoPass,55,45.1
Email,NoBundle,NoPass,59,80.41
Email,NoBundle,NoPass,29,30.95
Email,NoBundle,NoPass,18,51.13
Email,NoBundle,NoPass,44,48.03
Email,NoBundle,NoPass,36,78.11
Email,NoBundle,NoPass,37,56.43
Email,NoBundle,NoPass,70,63.43
Email,NoBundle,NoPass,68,26.39
Email,NoBundle,NoPass,63,50.95
Email,NoBundle,NoPass,20,59.54
Email,NoBundle,NoPass,29,59.24
Email,NoBundle,NoPass,21,60.03
Email,NoBundle,NoPass,33,70.69
Email,NoBundle,NoPass,45,64.52
Email,NoBundle,NoPass,35,84.08
Email,NoBundle,NoPass,59,50.57
Email,NoBundle,NoPass,23,57.84
Email,NoBundle,NoPass,68,52.03
Email,NoBundle,NoPass,25,88.16
Email,NoBundle,NoPass,47,82.9
Email,NoBundle,NoPass,52,35.98
Email,NoBundle,NoPass,73,36.97
Email,NoBundle,NoPass,19,76.37
Email,NoBundle,NoPass,56,78.56
Email,NoBundle,NoPass,67,69.69
Email,NoBundle,NoPass,73,33.63
Email,NoBundle,NoPass,63,49.74
Email,NoBundle,NoPass,67,48.29
Email,NoBundle,NoPass,18,55.3
Email,NoBundle,NoPass,69,56.71
Email,NoBundle,NoPass,36,30.66
Email,NoBundle,NoPass,19,47.78
Email,NoBundle,NoPass,18,50.22
Email,NoBundle,NoPass,69,22.23
Email,NoBundle,NoPass,40,90.27
Email,NoBundle,NoPass,56,90.2
Email,NoBundle,NoPass,49,44.83
Email,NoBundle,NoPass,26,50.35
Email,NoBundle,NoPass,71,50.81
Email,NoBundle,NoPass,22,46.21
Email,NoBundle,NoPass,20,69.92
Email,NoBundle,NoPass,24,40.39
Email,NoBundle,NoPass,43,76.81
Email,NoBundle,NoPass,46,71.3
Email,NoBundle,NoPass,62,59.77
Email,NoBundle,NoPass,21,95.26
Email,NoBundle,NoPass,75,75.22
Email,NoBundle,NoPass,42,53.38
Email,NoBundle,NoPass,69,56.46
Email,NoBundle,NoPass,27,80.99
Email,NoBundle,NoPass,39,46.03
Email,NoBundle,NoPass,20,41.04
Email,NoBundle,NoPass,44,74.82
Email,NoBundle,NoPass,24,73.39
Email,NoBundle,NoPass,43,46.87
Email,NoBundle,NoPass,23,94.72
Email,NoBundle,NoPass,43,52.92
Email,NoBundle,NoPass,70,78.94
Email,NoBundle,NoPass,19,68.95
Email,NoBundle,NoPass,56,45.81
Email,NoBundle,NoPass,49,58.37
Email,NoBundle,NoPass,55,16.06
Email,NoBundle,NoPass,25,78.28
Email,NoBundle,NoPass,74,61.79
Email,NoBundle,NoPass,59,77.84
Email,NoBundle,NoPass,50,45.48
Email,NoBundle,NoPass,27,57.16
Email,NoBundle,NoPass,72,35.65
Email,NoBundle,NoPass,30,47.22
Email,NoBundle,NoPass,55,74.45
Email,NoBundle,NoPass,28,69.97
Email,NoBundle,NoPass,43,84.66
Email,NoBundle,NoPass,19,79.6
Email,NoBundle,NoPass,58,63.48
Email,NoBundle,NoPass,66,15.03
Email,NoBundle,NoPass,43,86.59
Email,NoBundle,NoPass,65,64.47
Email,NoBundle,NoPass,29,117.73
Email,NoBundle,NoPass,20,94.48
Email,NoBundle,NoPass,21,72.29
Email,NoBundle,NoPass,20,65.07
Email,NoBundle,NoPass,71,55.45
Email,NoBundle,NoPass,49,41.21
Email,NoBundle,NoPass,39,49.49
Email,NoBundle,NoPass,32,59.78
Email,NoBundle,NoPass,66,41.36
Email,NoBundle,NoPass,44,55.25
Email,NoBundle,NoPass,43,80.02
Email,NoBundle,NoPass,33,42.55
Email,NoBundle,NoPass,21,56.64
Email,NoBundle,NoPass,51,55.15
Email,NoBundle,NoPass,50,62.99
Email,NoBundle,NoPass,65,43.51
Email,NoBundle,NoPass,23,52.57
Email,NoBundle,NoPass,68,18.78
Email,NoBundle,NoPass,60,57.09
Email,NoBundle,NoPass,60,72.52
Email,NoBundle,NoPass,40,72.59
Email,NoBundle,NoPass,45,80.3
Email,NoBundle,NoPass,64,41.84
Email,NoBundle,NoPass,39,65.56
Email,NoBundle,NoPass,24,62.35
Email,NoBundle,NoPass,37,55.85
Email,NoBundle,NoPass,19,66.27
Email,NoBundle,NoPass,27,61.77
Email,NoBundle,NoPass,25,43.91
Email,NoBundle,NoPass,62,90.02
Email,NoBundle,NoPass,72,89.58
Email,NoBundle,NoPass,38,38.58
Email,NoBundle,NoPass,33,70.83
Email,NoBundle,NoPass,63,49.04
Email,NoBundle,NoPass,52,75.28
Email,NoBundle,NoPass,38,46.7
Email,NoBundle,NoPass,40,39.7
Email,NoBundle,NoPass,74,69.62
Email,NoBundle,NoPass,30,51.12
Email,NoBundle,NoPass,46,65.1
Email,NoBundle,NoPass,27,52.81
Email,NoBundle,NoPass,56,40.95
Email,NoBundle,NoPass,52,14.37
Email,NoBundle,NoPass,31,78.52
Email,NoBundle,NoPass,44,66.44
Email,NoBundle,NoPass,23,21.9
Email,NoBundle,NoPass,73,40.87
Email,NoBundle,NoPass,66,55.91
Email,NoBundle,NoPass,66,83.89
Email,NoBundle,NoPass,36,73.01
Email,NoBundle,NoPass,65,74.74
Email,NoBundle,NoPass,34,67.43
Email,NoBundle,NoPass,21,60.13
Email,NoBundle,NoPass,27,62.59
Email,NoBundle,NoPass,44,67.89
Email,NoBundle,NoPass,48,49.52
Email,NoBundle,NoPass,18,23.23
Email,NoBundle,NoPass,70,66.92
Email,NoBundle,NoPass,67,56.78
Email,NoBundle,NoPass,41,33.11
Email,NoBundle,NoPass,32,55.89
Email,NoBundle,NoPass,53,80.71
Email,NoBundle,NoPass,42,43.95
Email,NoBundle,NoPass,55,54.23
Email,NoBundle,NoPass,31,51.75
Email,NoBundle,NoPass,33,44.49
Email,NoBundle,NoPass,23,47.45
Email,NoBundle,NoPass,53,56.17
Email,NoBundle,NoPass,73,75.88
Email,NoBundle,NoPass,70,62.05
Email,NoBundle,NoPass,50,75.4
Email,NoBundle,NoPass,25,56.29
Email,NoBundle,NoPass,44,61.61
Email,NoBundle,NoPass,43,31.71
Email,NoBundle,NoPass,63,67.69
Email,NoBundle,NoPass,34,75.96
Email,NoBundle,NoPass,46,61.39
Email,NoBundle,NoPass,46,78.51
Email,NoBundle,NoPass,67,81.2
Email,NoBundle,NoPass,72,62.85
Email,NoBundle,NoPass,64,68.49
Email,NoBundle,NoPass,35,94.96
Email,NoBundle,NoPass,19,46.45
Email,NoBundle,NoPass,53,67.25
Email,NoBundle,NoPass,46,92.95
Email,NoBundle,NoPass,72,49.29
Email,NoBundle,NoPass,20,94.08
Email,NoBundle,NoPass,54,62.97
Email,NoBundle,NoPass,40,48.93
Email,NoBundle,NoPass,47,71.39
Email,NoBundle,NoPass,39,75.14
Email,NoBundle,NoPass,22,52.76
Email,NoBundle,NoPass,64,64.93
Email,NoBundle,NoPass,18,54.7
Email,NoBundle,NoPass,31,51.15
Email,NoBundle,NoPass,58,68.1
Email,NoBundle,NoPass,52,78.58
Email,NoBundle,NoPass,50,46.82
Email,NoBundle,NoPass,45,58.34
Email,NoBundle,NoPass,40,97.22
Email,NoBundle,NoPass,65,71.52
Email,NoBundle,NoPass,52,35.04
Email,NoBundle,NoPass,65,74.81
Email,NoBundle,NoPass,45,40.37
Email,NoBundle,NoPass,21,34.09
Email,NoBundle,NoPass,51,60.03
Email,NoBundle,NoPass,64,85.63
Email,NoBundle,NoPass,56,77.84
Email,NoBundle,NoPass,26,86.53
Email,NoBundle,NoPass,57,75.8
Email,NoBundle,NoPass,56,55.14
Email,NoBundle,NoPass,21,70.36
Email,NoBundle,NoPass,21,92.61
Email,NoBundle,NoPass,55,97.19
Email,NoBundle,NoPass,22,33.05
Email,NoBundle,NoPass,73,66.79
Email,NoBundle,NoPass,72,49.36
Email,NoBundle,NoPass,34,78.08
Email,NoBundle,NoPass,67,73.48
Email,NoBundle,NoPass,29,61.36
Email,NoBundle,NoPass,44,48.68
Email,NoBundle,NoPass,24,68.9
Email,NoBundle,NoPass,30,59.8
Email,NoBundle,NoPass,59,63.86
Email,NoBundle,NoPass,31,58.6
Email,NoBundle,NoPass,30,67.12
Email,NoBundle,NoPass,34,61.55
Email,NoBundle,NoPass,31,75.89
Email,NoBundle,NoPass,38,11.66
Email,NoBundle,NoPass,43,56.89
Email,NoBundle,NoPass,21,52.54
Email,NoBundle,NoPass,71,67.01
Email,NoBundle,NoPass,36,76.44
Email,NoBundle,NoPass,43,65.07
Email,NoBundle,NoPass,20,62.42
Email,NoBundle,NoPass,45,52.42
Email,NoBundle,NoPass,21,74.31
Email,NoBundle,NoPass,35,94.03
Email,NoBundle,NoPass,68,68.82
Email,NoBundle,NoPass,25,65.31
Email,NoBundle,NoPass,57,68.9
Email,NoBundle,NoPass,61,51.5
Email,NoBundle,NoPass,62,47.16
Email,NoBundle,NoPass,23,46.25
Email,NoBundle,NoPass,57,64.21
Email,NoBundle,NoPass,74,74.02
Email,NoBundle,NoPass,36,66.19
Email,NoBundle,NoPass,65,55.28
Email,NoBundle,NoPass,56,72.06
Email,NoBundle,NoPass,68,54.97
Email,NoBundle,NoPass,69,66.91
Email,NoBundle,NoPass,30,51.17
Email,NoBundle,NoPass,71,67.23
Email,NoBundle,NoPass,45,44.24
Email,NoBundle,NoPass,41,32.26
Email,NoBundle,NoPass,18,70.06
Email,NoBundle,NoPass,69,86.03
Email,NoBundle,NoPass,20,52.77
Email,NoBundle,NoPass,61,15.43
Email,NoBundle,NoPass,73,80.79
Email,NoBundle,NoPass,30,63.34
Email,NoBundle,NoPass,19,102.37
Email,NoBundle,NoPass,50,86.88
Email,NoBundle,NoPass,69,51.44
Email,NoBundle,NoPass,34,60.16
Email,NoBundle,NoPass,57,69.75
Email,NoBundle,NoPass,30,49.99
Email,NoBundle,NoPass,37,88.99
Email,NoBundle,NoPass,46,72.7
Email,NoBundle,NoPass,46,47.02
Email,NoBundle,NoPass,54,85.61
Email,NoBundle,NoPass,24,38.09
Email,NoBundle,NoPass,19,71.71
Email,NoBundle,NoPass,34,38.32
Email,NoBundle,NoPass,35,79.01
Email,NoBundle,NoPass,60,46.53
Email,NoBundle,NoPass,40,51.31
Email,NoBundle,NoPass,63,66.57
Email,NoBundle,NoPass,31,67.2
Email,NoBundle,NoPass,18,67.51
Email,NoBundle,NoPass,59,63.09
Email,NoBundle,NoPass,46,43.1
Email,NoBundle,NoPass,31,56.75
Email,NoBundle,NoPass,55,60.72
Email,NoBundle,NoPass,52,66.39
Email,NoBundle,NoPass,41,50.11
Email,NoBundle,NoPass,66,74.1
Email,NoBundle,NoPass,69,52.74
Email,NoBundle,NoPass,71,48.84
Email,NoBundle,NoPass,37,43.34
Email,NoBundle,NoPass,28,42.91
Email,NoBundle,NoPass,41,41.99
Email,NoBundle,NoPass,31,48.52
Email,NoBundle,NoPass,45,86.45
Email,NoBundle,NoPass,33,60.66
Email,NoBundle,NoPass,72,92.4
Email,NoBundle,NoPass,37,28.25
Email,NoBundle,NoPass,47,74.66
Email,NoBundle,NoPass,34,72.39
Email,NoBundle,NoPass,31,29.93
Email,NoBundle,NoPass,58,63.36
Email,NoBundle,NoPass,39,63.47
Email,NoBundle,NoPass,45,67.3
Email,NoBundle,NoPass,68,48.97
Email,NoBundle,NoPass,20,68.23
Email,NoBundle,NoPass,27,78.61
Email,NoBundle,NoPass,29,41.94
Email,NoBundle,NoPass,28,53.13
Email,NoBundle,NoPass,32,71.02
Email,NoBundle,NoPass,19,43.78
Email,NoBundle,NoPass,62,75.8
Email,NoBundle,NoPass,55,60.33
Email,NoBundle,NoPass,25,76.58
Email,NoBundle,NoPass,64,5.76
Email,NoBundle,NoPass,23,77.43
Email,NoBundle,NoPass,29,69.04
Email,NoBundle,NoPass,54,72.28
Email,NoBundle,NoPass,64,47.56
Email,NoBundle,NoPass,22,90.28
Email,NoBundle,NoPass,18,46.61
Email,NoBundle,NoPass,58,77.08
Email,NoBundle,NoPass,66,58.78
Email,NoBundle,NoPass,28,26.03
Email,NoBundle,NoPass,56,71.97
Email,NoBundle,NoPass,54,61.13
Email,NoBundle,NoPass,20,46.67
Email,NoBundle,NoPass,38,57.39
Email,NoBundle,NoPass,18,109.78
Email,NoBundle,NoPass,22,48.07
Email,NoBundle,NoPass,32,78.24
Email,NoBundle,NoPass,58,57.33
Email,NoBundle,NoPass,52,63.63
Email,NoBundle,NoPass,18,77.36
Email,NoBundle,NoPass,75,77.12
Email,NoBundle,NoPass,61,67.64
Email,NoBundle,NoPass,18,42.17
Email,NoBundle,NoPass,70,65.2
Email,NoBundle,NoPass,75,64.18
Email,NoBundle,NoPass,30,49.32
Email,NoBundle,NoPass,42,40.89
Email,NoBundle,NoPass,46,82.11
Email,NoBundle,NoPass,55,39.26
Email,NoBundle,NoPass,59,72.46
Email,NoBundle,NoPass,59,46.69
Email,NoBundle,NoPass,35,72.12
Email,NoBundle,NoPass,36,24.91
Email,NoBundle,NoPass,52,75.92
Email,NoBundle,NoPass,31,54.51
Email,NoBundle,NoPass,19,42.95
